store_number,store_name,store_type,street_address,city,state,zip,has_15O,has_34O,has_15U,has_34U,current_sku_count,on_endcap_no_catalyst,endcap_recommended_qty,latitude,longitude
3,COMMERCE GA,Supercenter,30983 HIGHWAY 441 S,COMMERCE,GA,30529,,,,,0,Y,9,34.2134,-83.448
9,SIKESTON MO,Supercenter,1303 S MAIN ST,SIKESTON,MO,63801,Y,,,,1,,9,36.895243596634,-89.594946990979
11,MOUNTAIN HOME AR,Supercenter,65 WALMART DR,MOUNTAIN HOME,AR,72653,Y,,Y,,2,,9,36.357159916331,-92.341257414719
13,CARTHAGE MO,Supercenter,2705 GRAND AVE,CARTHAGE,MO,64836,Y,,,,1,,9,37.141925105079,-94.310564356172
15,WEST PLAINS MO,Supercenter,1310 PREACHER ROE BLVD,WEST PLAINS,MO,65775,Y,,,,1,,9,36.715528102658,-91.87370039355
18,NEWPORT AR,Supercenter,1211 HIGHWAY 367 N,NEWPORT,AR,72112,,,,,0,Y,9,35.5988,-91.2571
20,CLINTON MO,Supercenter,1712 E OHIO ST,CLINTON,MO,64735,Y,,,,1,,9,38.366174724736,-93.751482251352
22,PRYOR OK,Supercenter,4901 S MILL ST,PRYOR,OK,74361,,,,,0,Y,9,36.2921,-95.3129
23,RUSTON LA,Supercenter,1201 N SERVICE RD E,RUSTON,LA,71270,Y,,,,1,,9,32.540758354986,-92.621737057759
25,MEXICO MO,Supercenter,4820 S CLARK ST,MEXICO,MO,65265,Y,,,,1,,9,39.119621400504,-91.893358352265
26,LEAVENWORTH KS,Supercenter,5000 10TH AVE,LEAVENWORTH,KS,66048,Y,Y,,,2,,9,39.269398182467,-94.928059814518
28,MIAMI OK,Supercenter,2415 N MAIN ST,MIAMI,OK,74354,Y,,,Y,2,,9,36.903186533862,-94.877657031957
31,POTEAU OK,Supercenter,3108 N BROADWAY ST,POTEAU,OK,74953,Y,,,,1,,9,35.084494487224,-94.629919509547
33,NASHVILLE AR,Supercenter,1710 S 4TH ST,NASHVILLE,AR,71852,,,,,0,Y,9,33.9576,-93.8707
34,NEVADA MO,Supercenter,2250 LINCOLN AVE,NEVADA,MO,64772,Y,Y,,,2,,9,37.8381108,-94.3596185
35,MANHATTAN KS,Supercenter,101 BLUEMONT AVE,MANHATTAN,KS,66502,Y,,,,1,,9,39.18661082306,-96.558839603961
37,FARMINGTON MO,Supercenter,707 WALTON DR,FARMINGTON,MO,63640,Y,,,,1,,9,37.78822132698,-90.434743501981
38,IDABEL OK,Supercenter,1907 SE WASHINGTON ST,IDABEL,OK,74745,Y,,,,1,,9,33.895580478974,-94.804166442089
39,FORT SCOTT KS,Supercenter,2500 S MAIN ST,FORT SCOTT,KS,66701,,,,,0,Y,9,37.8216,-94.7148
41,BARTLESVILLE OK,Supercenter,4000 SE GREEN COUNTRY RD,BARTLESVILLE,OK,74006,Y,,,,1,,9,36.739505951647,-95.932668805502
42,COFFEYVILLE KS,Supercenter,1863 CR 5300,COFFEYVILLE,KS,67337,Y,,Y,,2,,9,37.0372999,-95.6163634
47,SALLISAW OK,Supercenter,1101 W RUTH AVE,SALLISAW,OK,74955,Y,,,,1,,9,35.4587305,-94.7879436
48,MONETT MO,Supercenter,885 E US HIGHWAY 60,MONETT,MO,65708,Y,,,,1,,9,36.91406185059,-93.914295819521
49,HUGO OK,Supercenter,1911 E JACKSON ST,HUGO,OK,74743,Y,,,,1,,9,34.0106208,-95.513122
50,VINITA OK,Supercenter,268 S 7TH ST,VINITA,OK,74301,Y,Y,,,2,,9,36.6408372,-95.156363
51,FULTON MO,Supercenter,1701 N BLUFF ST,FULTON,MO,65251,Y,,,,1,,9,38.863447306384,-91.943992988699
52,HOT SPRINGS AR,Supercenter,1601 ALBERT PIKE RD,HOT SPRINGS,AR,71913,Y,,,,1,,9,34.493025519821,-93.089454900298
54,SPRINGDALE AR,Supercenter,2004 S PLEASANT ST,SPRINGDALE,AR,72764,Y,,,,1,,9,36.167225631236,-94.143684092897
55,BOONEVILLE AR,Supercenter,1400 EAST MAIN ST,BOONEVILLE,AR,72927,,,,,0,Y,9,35.1364,-93.9274
56,AVA MO,Supercenter,1309 NW 12TH AVE,AVA,MO,65608,,Y,,,1,,9,36.9519236,-92.6600096
57,WALNUT RIDGE AR,Wal-Mart,1600 W MAIN ST,WALNUT RIDGE,AR,72476,,,,,0,Y,9,36.0244,-90.9288
63,WAGONER OK,Supercenter,410 S DEWEY AVE,WAGONER,OK,74467,,,,,0,Y,9,35.9549,-95.354
64,BROWNSVILLE TN,Supercenter,1100 S DUPREE AVE,BROWNSVILLE,TN,38012,Y,,,,1,,9,35.5939671,-89.262291
65,SULLIVAN MO,Supercenter,350 PARK RIDGE RD,SULLIVAN,MO,63080,Y,,,,1,,9,38.221137627635,-91.157828716071
68,WYNNE AR,Supercenter,800 HIGHWAY 64 E,WYNNE,AR,72396,Y,,,,1,,9,35.251492644232,-90.969006275442
70,WEST MEMPHIS AR,Supercenter,798 W SERVICE RD,WEST MEMPHIS,AR,72301,Y,,,,1,,9,35.167468623699,-90.200475338517
71,POCAHONTAS AR,Supercenter,1415 HIGHWAY 67 S,POCAHONTAS,AR,72455,,Y,,,1,,9,36.251579339012,-90.96418771098
72,PITTSBURG KS,Supercenter,2710 N BROADWAY ST,PITTSBURG,KS,66762,Y,,,Y,2,,9,37.433756473996,-94.704844455626
73,SAPULPA OK,Supercenter,1002 W TAFT ST,SAPULPA,OK,74066,Y,,,,1,,9,36.0005035,-96.1049612
74,OSCEOLA AR,Supercenter,2720 W KEISER AVE,OSCEOLA,AR,72370,,,,,0,Y,9,35.7019,-89.9798
76,BERRYVILLE AR,Supercenter,1000 W TRIMBLE AVE,BERRYVILLE,AR,72616,Y,,,,1,,9,36.37916746527,-93.58759049938
81,STILWELL OK,Supercenter,84127 HIGHWAY 59,STILWELL,OK,74960,Y,,,,1,,9,35.814431,-94.6286156
82,PERRYVILLE MO,Supercenter,1750 S PERRYVILLE BLVD,PERRYVILLE,MO,63775,Y,,,,1,,9,37.699449710427,-89.897691883748
89,CAMDENTON MO,Supercenter,94 CECIL ST,CAMDENTON,MO,65020,Y,,,,1,,9,38.023068700085,-92.724986625961
91,FORREST CITY AR,Supercenter,205 DEADRICK RD,FORREST CITY,AR,72335,Y,,,,1,,9,35.029869656361,-90.792713472752
92,AURORA MO,Supercenter,3020 S ELLIOTT AVE,AURORA,MO,65605,,,,,0,Y,9,36.9709,-93.718
93,COVINGTON TN,Supercenter,201 LANNY BRIDGES AVE,COVINGTON,TN,38019,Y,,,,1,,9,35.545101877955,-89.662395623527
94,MILLINGTON TN,Supercenter,8445 US HIGHWAY 51 N,MILLINGTON,TN,38053,Y,,,,1,,9,35.356869212815,-89.894853902272
95,DESLOGE MO,Supercenter,407 N STATE ST,DESLOGE,MO,63601,Y,,,,1,,9,37.878823170462,-90.511876406269
97,RIPLEY TN,Supercenter,628 HIGHWAY 51 N,RIPLEY,TN,38063,,Y,,,1,,9,35.7453551,-89.5297973
98,BASTROP LA,Supercenter,6091 MER ROUGE RD,BASTROP,LA,71220,Y,,,,1,,9,32.773473068324,-91.870586158344
101,ROLLA MO,Supercenter,500 S BISHOP AVE,ROLLA,MO,65401,Y,,,,1,,9,37.938961478815,-91.777394476548
104,MILAN TN,Supercenter,15427 S FIRST ST,MILAN,TN,38358,Y,,,,1,,9,35.876830397914,-88.744942731858
105,CORINTH MS,Supercenter,2301 S HARPER RD,CORINTH,MS,38834,Y,,,,1,,9,34.9343599,-88.5223353
106,FULTON KY,Supercenter,1405 MIDDLE RD,FULTON,KY,42041,,,,,0,Y,9,36.5475,-88.8749
108,GUTHRIE OK,Supercenter,1608 S DIVISION ST,GUTHRIE,OK,73044,Y,,,,1,,9,35.862497435126,-97.425317405439
111,CHANUTE KS,Supercenter,2700 S SANTA FE AVE,CHANUTE,KS,66720,Y,,,,1,,9,37.653822602069,-95.452560912499
112,STARKVILLE MS,Supercenter,1010 HIGHWAY 12 W,STARKVILLE,MS,39759,Y,,,,1,,9,33.443866111323,-88.848320519348
113,CHICKASHA OK,Supercenter,2001 S 1ST ST,CHICKASHA,OK,73018,Y,,,,1,,9,35.03047932172,-97.9325255528
114,BOONEVILLE MS,Supercenter,300 WALMART CIR,BOONEVILLE,MS,38829,,,,,0,Y,9,34.6694,-88.5443
115,"WEST POINT, MS",Supercenter,5509 HIGHWAY 45 ALT S,WEST POINT,MS,39773,,,,,0,Y,9,33.6076,-88.6503
117,BROKEN BOW OK,Wal-Mart,501 S PARK DR,BROKEN BOW,OK,74728,,,,,0,Y,9,34.027,-94.7623
120,HUMBOLDT TN,Supercenter,2716 N CENTRAL AVE,HUMBOLDT,TN,38343,Y,,,,1,,9,35.841828764213,-88.914822792996
121,OKMULGEE OK,Supercenter,1800 S WOOD DR,OKMULGEE,OK,74447,Y,,,,1,,9,35.604713701945,-95.961905968211
123,SEMINOLE OK,Supercenter,1500 E WRANGLER BLVD,SEMINOLE,OK,74868,Y,,,,1,,9,35.246535096663,-96.653896689813
124,LITTLE ROCK AR,Supercenter,8801 BASELINE RD,LITTLE ROCK,AR,72209,Y,,,,1,,9,34.67004733373,-92.376790275453
126,LITTLE ROCK AR,Supercenter,2700 S SHACKLEFORD RD,LITTLE ROCK,AR,72205,Y,,,,1,,9,34.729357035306,-92.394929383139
127,MALVERN AR,Supercenter,1910 MARTIN LUTHER KING BLVD,MALVERN,AR,72104,Y,,,,1,,9,34.3625823,-92.8092694
128,"JONESBORO (W), AR",Supercenter,1911 W PARKER RD,JONESBORO,AR,72404,,Y,,,1,,9,35.823543261529,-90.740870098844
129,ARDMORE OK,Supercenter,1715 N COMMERCE ST,ARDMORE,OK,73401,Y,,,,1,,9,34.192524184758,-97.14321756532
130,MUSKOGEE OK,Supercenter,1000 W SHAWNEE ST,MUSKOGEE,OK,74401,Y,,,Y,2,,9,35.769848938345,-95.3741180794
131,MT PLEASANT TX,Supercenter,2311 S JEFFERSON AVE,MOUNT PLEASANT,TX,75455,Y,,,,1,,9,33.135859526631,-94.968119483836
132,KINGFISHER OK,Supercenter,200 STARLITE DR,KINGFISHER,OK,73750,Y,,,,1,,9,35.827674443954,-97.934129166374
134,ELK CITY OK,Supercenter,210 REGIONAL DR,ELK CITY,OK,73644,Y,,,,1,,9,35.410131007252,-99.378370424075
135,CHILLICOTHE MO,Supercenter,1000 GRAVES ST,CHILLICOTHE,MO,64601,,,,,0,Y,9,39.7966,-93.5509
136,BLACKWELL OK EF,Wal-Mart,1219 W DOOLIN AVE,BLACKWELL,OK,74631,,,,,0,Y,9,36.8006,-97.2867
137,STILLWATER OK,Supercenter,111 N PERKINS RD,STILLWATER,OK,74075,Y,,,,1,,9,36.124493008467,-97.051391141696
139,PURCELL OK,Supercenter,2015 S GREEN AVE,PURCELL,OK,73080,Y,,,,1,,9,34.987505751148,-97.368055920343
140,LUFKIN TX,Supercenter,2500 DANIEL MCCALL DR,LUFKIN,TX,75904,Y,,,,1,,9,31.3386242,-94.7288558
141,"FORT SMITH, AR",Supercenter,8301 ROGERS AVE,FORT SMITH,AR,72903,Y,Y,,Y,3,,9,35.348246433652,-94.34049626221
145,BOWLING GREEN MO,Supercenter,3 TOWN CENTER DR,BOWLING GREEN,MO,63334,Y,,,,1,,9,39.3419891,-91.1951437
146,GILMER TX,Supercenter,1102 US HIGHWAY 271 NORTH,GILMER,TX,75644,Y,,,,1,,9,32.737777074387,-94.942371003292
148,PARIS TX,Supercenter,3855 LAMAR AVE,PARIS,TX,75462,Y,,,,1,,9,33.6617962,-95.555513
149,"JONESBORO, LA",Supercenter,184 OLD WINNFIELD RD,JONESBORO,LA,71251,Y,,,,1,,9,32.2483,-92.6944
150,WOODWARD OK,Supercenter,3215 WILLIAMS AVE,WOODWARD,OK,73801,Y,,Y,Y,3,,9,36.414139989786,-99.38131206872
151,MCALESTER OK,Supercenter,432 S GEORGE NIGH EXPY,MCALESTER,OK,74501,Y,,,Y,2,,9,34.918273422928,-95.744801365934
152,DESOTO MO,Supercenter,12862 STATE ROUTE 21,DE SOTO,MO,63020,Y,,,,1,,9,38.150791504213,-90.576938705268
154,ABINGDON VA,Supercenter,16032 FIFTEEN MILE BOULEVARD,ABINGDON,VA,24211,Y,,,,1,,9,36.7104018,-81.975249
155,SENATOBIA MS,Supercenter,5219 HIGHWAY 51 N,SENATOBIA,MS,38668,,,,,0,Y,9,34.6323,-89.8855
158,BONHAM TX,Supercenter,2021 N STATE HIGHWAY 121,BONHAM,TX,75418,Y,,,,1,,9,33.62504895601,-96.189470768987
161,HUNTINGDON TN,Supercenter,180 VETERANS DR N,HUNTINGDON,TN,38344,,Y,,,1,,9,35.995672791778,-88.437152264096
162,"ANADARKO, OK",Supercenter,1201 W PETREE RD,ANADARKO,OK,73005,Y,,,,1,,9,35.0725323,-98.243981
163,NACOGDOCHES TX,Supercenter,4810 NORTH ST,NACOGDOCHES,TX,75965,Y,,,,1,,9,31.648995475704,-94.655242382499
164,PONTOTOC MS,Supercenter,100 MCCORD RD,PONTOTOC,MS,38863,Y,,,,1,,9,34.286062768806,-89.024196893305
166,HOUSTON MO,Supercenter,1433 S SAM HOUSTON BLVD,HOUSTON,MO,65483,Y,,,,1,,9,37.320210063079,-91.958542740116
167,CROSSETT AR,Supercenter,910 UNITY RD,CROSSETT,AR,71635,Y,,,,1,,9,33.1263899,-91.96297
169,LONOKE AR,Supercenter,322 BROWNSVILLE LOOP,LONOKE,AR,72086,,,,,0,Y,9,34.7832,-91.9214
171,"CAMDEN, AR",Supercenter,950 CALIFORNIA AVE SW,CAMDEN,AR,71701,,,,,0,Y,9,33.5948,-92.8513
172,WASHINGTON MO,Supercenter,1701 A ROY DR,WASHINGTON,MO,63090,Y,,,,1,,9,38.540292804083,-90.991609003568
173,POTOSI MO,Supercenter,1 MEMORIAL DR,POTOSI,MO,63664,,,,,0,Y,9,37.9549,-90.8415
175,COLLIERVILLE TN,Supercenter,560 W POPLAR AVE,COLLIERVILLE,TN,38017,Y,Y,,,2,,9,35.04596221284,-89.681002214792
178,"ALVA, OK",Supercenter,914 E OKLAHOMA BLVD,ALVA,OK,73717,,,,,0,Y,9,36.8016,-98.6722
181,NEW BOSTON TX,Supercenter,800 JAMES BOWIE DR,NEW BOSTON,TX,75570,Y,,,,1,,9,33.4598415,-94.4154787
182,GREENVILLE MS,Supercenter,1831 HIGHWAY 1 S,GREENVILLE,MS,38701,Y,Y,,,2,,9,33.369305232014,-91.040195911237
183,LOUISVILLE MS,Supercenter,159 HIGHWAY 15 S,LOUISVILLE,MS,39339,Y,,,,1,,9,33.1234879,-89.053243
184,BLUE SPRINGS MO,Supercenter,600 NE CORONADO DR,BLUE SPRINGS,MO,64014,Y,Y,,,2,,9,39.026772261947,-94.254719369901
185,GAINESVILLE TX,Supercenter,1800 LAWRENCE ST,GAINESVILLE,TX,76240,,Y,,,1,,9,33.6248484,-97.142753
188,CAPE GIRARDEAU MO,Supercenter,3439 WILLIAM ST,CAPE GIRARDEAU,MO,63701,,,Y,Y,2,,9,37.302790124581,-89.582071620927
189,KIRKSVILLE MO,Supercenter,2206 N BALTIMORE ST,KIRKSVILLE,MO,63501,Y,,,,1,,9,40.217896881527,-92.582656966928
194,BAYTOWN TX,Supercenter,4900 GARTH RD,BAYTOWN,TX,77521,Y,,,,1,,9,29.775437508558,-94.977605418993
197,MACOMB IL,Supercenter,1730 E JACKSON ST,MACOMB,IL,61455,Y,,,,1,,9,40.45865225228,-90.64168039725
199,LINCOLN IL,Supercenter,825 MALERICH DR,LINCOLN,IL,62656,Y,,Y,,2,,9,40.153989663346,-89.396444150576
200,JACKSONVILLE IL,Supercenter,1941 W MORTON AVE,JACKSONVILLE,IL,62650,Y,,,Y,2,,9,39.722955841858,-90.268283596843
203,BROOKFIELD MO,Supercenter,937 PARK CIRCLE DR,BROOKFIELD,MO,64628,,,,,0,Y,9,39.7846,-93.0719
204,PRINCETON KY,Supercenter,1500 US HIGHWAY 62 W,PRINCETON,KY,42445,Y,,,,1,,9,37.106924301043,-87.911580886945
205,PHILADELPHIA MS,Supercenter,1002 W BEACON ST,PHILADELPHIA,MS,39350,Y,,,,1,,9,32.769966774686,-89.128676548415
207,CLEVELAND OK,Supercenter,772 N AIRPORT RD,CLEVELAND,OK,74020,Y,,,,1,,9,35.2301869,-97.3109151
209,OZARK AR,Wal-Mart,1516 N 18TH ST,OZARK,AR,72949,Y,,,,1,,9,35.502380802952,-93.844742149281
210,HOLDENVILLE OK,Wal-Mart,500 EAST HIGHWAY 270,HOLDENVILLE,OK,74848,,,,,0,Y,9,35.0839,-96.377
211,HILLSBORO TX,Supercenter,401 COKE AVE,HILLSBORO,TX,76645,,,,,0,Y,9,32.0149,-97.1198
213,LITCHFIELD IL,Supercenter,1205 W FERDON ST,LITCHFIELD,IL,62056,Y,Y,,,2,,9,39.18278302622,-89.668770110341
214,JASPER TX,Supercenter,800 W GIBSON ST,JASPER,TX,75951,,,,,0,Y,9,30.8673,-93.9977
218,SELMER TN,Supercenter,1017 MULBERRY AVE,SELMER,TN,38375,Y,,,,1,,9,35.139529566547,-88.571585820243
222,SPARTA IL,Supercenter,1410 N MARKET ST,SPARTA,IL,62286,,,,,0,Y,9,38.1318,-89.7035
224,"MT. VERNON, IL.",Supercenter,110 DAVIDSON RD,MOUNT VERNON,IL,62864,,,,,0,Y,9,38.317,-88.9105
225,SULPHUR OK.,Supercenter,2705 W BROADWAY AVE,SULPHUR,OK,73086,,Y,,,1,,9,34.5096839,-96.974653
226,"ATLANTA, TX.",Supercenter,201 LOOP 59,ATLANTA,TX,75551,Y,,,,1,,9,33.1162131,-94.1663493
228,CLEBURNE TX.,Supercenter,1616 W HENDERSON ST,CLEBURNE,TX,76033,Y,,,,1,,9,32.3474463,-97.3865494
229,TRUMANN AR.,Supercenter,512 INDUSTRIAL PARK DR,TRUMANN,AR,72472,Y,,,,1,,9,35.689403131052,-90.526079688426
230,PARIS AR.,Wal-Mart,1501 E WALNUT ST,PARIS,AR,72855,,,,,0,Y,9,35.2941,-93.7265
231,ADA OK.,Supercenter,1419 N COUNTRY CLUB RD,ADA,OK,74820,,,,,0,Y,9,34.78,-96.6924
233,"ANNA, IL.",Supercenter,300 LEIGH AVE,ANNA,IL,62906,Y,,,,1,,9,37.462484911198,-89.222602071375
234,"KANSAS CITY, MO.",Supercenter,8301 N CHURCH RD,KANSAS CITY,MO,64158,Y,Y,Y,,3,,9,39.2417756015,-94.461450265941
236,CROCKETT TX.,Supercenter,1225 E LOOP 304,CROCKETT,TX,75835,,,,,0,Y,9,31.3208,-95.3928
237,HARRISBURG IL.,Supercenter,710 S COMMERCIAL ST,HARRISBURG,IL,62946,Y,,,Y,2,,9,37.732924908483,-88.534299782413
238,PULASKI TN.,Supercenter,1655 W COLLEGE ST,PULASKI,TN,38478,,,,,0,Y,9,35.2093,-87.0393
239,"KOSCIUSKO, MS.",Supercenter,220 VETERANS MEMORIAL DR,KOSCIUSKO,MS,39090,Y,Y,Y,,3,,9,33.057408399511,-89.569104820186
240,COMMERCE TX.,Supercenter,2701 STATE HIGHWAY 50,COMMERCE,TX,75428,Y,,,,1,,9,33.2493,-95.9097
242,PAOLA KS.,Supercenter,310 HEDGE LN,PAOLA,KS,66071,,,,,0,Y,9,38.572,-94.8937
244,WINNFIELD LA.,Supercenter,5940 HIGHWAY 167 N,WINNFIELD,LA,71483,Y,Y,Y,,3,,9,31.950919775507,-92.653715029823
247,HENRYETTA OK.,Wal-Mart,605 E MAIN ST,HENRYETTA,OK,74437,,,,,0,Y,9,35.4622,-96.0122
249,CLEVELAND TX.,Supercenter,831 HIGHWAY 59 S,CLEVELAND,TX,77327,,Y,,,1,,9,30.3414794,-95.0900115
250,WARSAW MO.,Supercenter,103 W POLK ST,WARSAW,MO,65355,,,,,0,Y,9,38.2431,-93.3819
251,MINEOLA TX.,Supercenter,135 NE LOOP 564,MINEOLA,TX,75773,Y,,,,1,,9,32.688040493245,-95.483784056968
252,"DU QUOIN, IL.",Supercenter,215 E GRANTWAY ST,DU QUOIN,IL,62832,,,,,0,Y,9,38.0137,-89.2333
254,OLNEY IL.,Supercenter,1001 NORTH WEST,OLNEY,IL,62450,Y,,,,1,,9,38.744778490396,-88.094605812816
256,"GLEN CARBON, IL.",Supercenter,400 JUNCTION DR,GLEN CARBON,IL,62034,,,,Y,1,,9,38.77782728729,-89.958432463085
257,MORGANFIELD KY.,Supercenter,901 US HIGHWAY 60 E,MORGANFIELD,KY,42437,Y,Y,,,2,,9,37.6833776,-87.9166916
261,HOT SPRINGS AR.,Supercenter,4019 CENTRAL AVE,HOT SPRINGS,AR,71913,Y,,,,1,,9,34.454927952128,-93.064165787783
263,,,,,,,Y,Y,,,2,,9,33.1505998,-96.8238183
264,DICKSON TN,Supercenter,175 BEASLEY DR,DICKSON,TN,37055,Y,,,,1,,9,36.061687381753,-87.380709955756
268,SAVANNAH TN,Supercenter,175 JI BELL LN,SAVANNAH,TN,38372,Y,,,,1,,9,35.225126779719,-88.216360707836
269,"LAWTON, OK",Supercenter,1002 NW SHERIDAN RD,LAWTON,OK,73505,Y,,,,1,,9,34.618935579125,-98.422455046641
271,BOWIE TX,Supercenter,1341 HIGHWAY 287 N,BOWIE,TX,76230,Y,,,,1,,9,33.4198886,-94.4479626
273,FULTON MS,Supercenter,100 INTERCHANGE DR,FULTON,MS,38843,,,,,0,Y,9,34.2745,-88.3793
274,IUKA MS,Wal-Mart,1110 BATTLEGROUND DR,IUKA,MS,38852,,,,,0,Y,9,34.8089,-88.1983
275,LIVINGSTON TX,Supercenter,1620 W CHURCH ST,LIVINGSTON,TX,77351,Y,,,,1,,9,30.711150021108,-94.951200922964
276,STIGLER OK,Supercenter,1312 E MAIN ST,STIGLER,OK,74462,Y,,,,1,,9,35.253459267302,-95.110842473052
278,SHREVEPORT LA,Supercenter,1645 E BERT KOUNS INDUSTRIAL L,SHREVEPORT,LA,71105,,,,,0,Y,9,32.4589,-93.7143
279,DE QUEEN AR,Supercenter,926 E COLLIN RAYE DR,DE QUEEN,AR,71832,,Y,,,1,,9,34.045452900382,-94.317646829349
280,ROCKDALE TX,Supercenter,709 W US HIGHWAY 79,ROCKDALE,TX,76567,,,,,0,Y,9,30.6583,-97.0079
281,HEBER SPRINGS AR.,Supercenter,1500 HWY 25B,HEBER SPGS,AR,72543,,,,,0,Y,9,35.5103,-92.0392
286,ENNIS TX,Supercenter,700 E ENNIS AVE,ENNIS,TX,75119,Y,,,,1,,9,32.331501783503,-96.619801515271
288,WOODVILLE TX,Supercenter,115 COBB MILL RD,WOODVILLE,TX,75979,,,,,0,Y,9,30.7752,-94.4155
292,LOCKHART TX,Supercenter,1904 S COLORADO ST,LOCKHART,TX,78644,,,,,0,Y,9,29.8868,-97.6769
293,NAVASOTA TX,Wal-Mart,1712 E WASHINGTON AVE,NAVASOTA,TX,77868,Y,,,,1,,9,30.396415279457,-96.072498982112
294,"CENTRAL CITY, KY",Supercenter,1725 WEST EVERELY BR,CENTRAL CITY,KY,42330,,,,,0,Y,9,37.3007,-87.1202
296,DARDANELLE AR,Supercenter,1172 N STATE HIGHWAY 7,DARDANELLE,AR,72834,,,,,0,Y,9,35.1955,-93.1873
298,BOAZ AL,Supercenter,1972 HWY 431,BOAZ,AL,35957,Y,Y,,Y,3,,9,34.214338085541,-86.156354919788
300,JACKSONVILLE AL,Supercenter,1625 PELHAM RD S,JACKSONVILLE,AL,36265,Y,,,,1,,9,33.786903842877,-85.761249009676
301,GADSDEN AL,Supercenter,340 E MEIGHAN BLVD,GADSDEN,AL,35903,Y,,,,1,,9,33.9845,-85.9077
302,MURPHYSBORO IL,Supercenter,6495 COUNTRY CLUB RD,MURPHYSBORO,IL,62966,Y,,,,1,,9,37.7595171981,-89.280977005085
303,HOLLY SPRINGS MS,Supercenter,950 MACKIE DR,HOLLY SPRINGS,MS,38635,,,,,0,Y,9,34.7471,-89.4897
304,SPRINGFIELD TN,Supercenter,3360 TOM AUSTIN HWY,SPRINGFIELD,TN,37172,Y,,,,1,,9,36.482651529909,-86.886807753354
305,CARTHAGE MS,Supercenter,905 HIGHWAY 16 W,CARTHAGE,MS,39051,Y,Y,,,2,,9,32.7326356,-89.5361825
306,ARAB AL,Supercenter,1450 NO. BRINDLEE MT,ARAB,AL,35016,Y,,,,1,,9,34.3181497,-86.4958219
307,W MONROE LA,Supercenter,1025 GLENWOOD DR,WEST MONROE,LA,71291,Y,,,,1,,9,32.509167905028,-92.156890671733
308,MANCHESTER TN,Supercenter,2518 HILLSBORO BLVD,MANCHESTER,TN,37355,Y,,,,1,,9,35.45540647277,-86.046322123057
309,ABBEVILLE LA,Supercenter,3005 CHARITY STREET,ABBEVILLE,LA,70510,Y,,,,1,,9,29.970509761489,-92.096875209862
310,CROWLEY LA,Supercenter,729 ODD FELLOWS RD,CROWLEY,LA,70526,Y,,,,1,,9,30.230761164364,-92.364357951054
311,FRANKLIN LA EF,Wal-Mart,200 NORTHWEST BLVD,FRANKLIN,LA,70538,Y,,,,1,,9,32.1254252,-91.6778053
314,FAYETTEVILLE TN,Supercenter,1224 HUNTSVILLE HWY,FAYETTEVILLE,TN,37334,Y,,,,1,,9,35.137612839367,-86.567210499988
315,ONEONTA AL,Supercenter,2453 2ND AVE E,ONEONTA,AL,35121,,,,,0,Y,9,33.9259,-86.4741
316,ATTALLA AL,Supercenter,973 GILBERT FERRY RD SE,ATTALLA,AL,35954,,,,,0,Y,9,34.0296,-86.0967
317,VANDALIA IL,Supercenter,201 MATTES AVE,VANDALIA,IL,62471,Y,,,,1,,9,38.965570149318,-89.1323933946
318,ARKADELPHIA AR,Supercenter,109 WP MALONE DR,ARKADELPHIA,AR,71923,,,,,0,Y,9,34.1153,-93.069
321,BRENHAM TX,Supercenter,203 US LOOP 290 WEST,BRENHAM,TX,77833,Y,,,,1,,9,30.1668828,-96.3977442
323,MANSFIELD LA,Supercenter,7292 HWY 509,MANSFIELD,LA,71052,Y,,,,1,,9,32.0218301,-93.7143492
324,BRISTOW OK,Supercenter,105 W HIGHWAY 16,BRISTOW,OK,74010,Y,,,,1,,9,35.841431453794,-96.394151018217
325,RICHMOND MO,Supercenter,908 WALTON WAY,RICHMOND,MO,64085,Y,,,,1,,9,39.265898773013,-93.96380629428
329,ANNISTON AL,Supercenter,5560 MCCLELLAN BLVD,ANNISTON,AL,36206,Y,Y,Y,,3,,9,33.718166269925,-85.818466188913
332,HUNTSVILLE AL,Supercenter,6140A UNIVERSITY DR NW,HUNTSVILLE,AL,35806,,,,,0,Y,9,34.7448,-86.6704
334,CARLINVILLE IL,Supercenter,18600 SHIPMAN BLACKT,CARLINVILLE,IL,62626,Y,,,,1,,9,39.265794167942,-89.898101753272
336,SHERIDAN AR,Supercenter,1308 S ROCK ST,SHERIDAN,AR,72150,,,,,0,Y,9,34.3165,-92.3657
337,FREDERICKTOWN MO,Supercenter,1025 WALTON DR,FREDERICKTOWN,MO,63645,Y,,,,1,,9,37.5597754,-90.294007
341,MARYSVILLE KS,Supercenter,1174 PONY EXPRESS HWY,MARYSVILLE,KS,66508,Y,,,,1,,9,39.841878638543,-96.605152120885
342,HIAWATHA KS,Supercenter,701 HOPI ST,HIAWATHA,KS,66434,,,Y,,1,,9,39.7914,-95.6004
344,EL CAMPO TX,Supercenter,3413 WEST LOOP,EL CAMPO,TX,77437,Y,,,,1,,9,29.1966405,-96.2696867
345,PALESTINE TX,Supercenter,2223 S LOOP 256,PALESTINE,TX,75801,Y,,,Y,2,,9,31.734211311989,-95.614947999765
348,MONTICELLO AR,Supercenter,427 HIGHWAY 425 N,MONTICELLO,AR,71655,Y,,,,1,,9,33.639561122034,-91.801363686477
350,YORK NE,Supercenter,101 E DAVID DR,YORK,NE,68467,Y,,,,1,,9,40.826644627548,-97.597849305968
352,CHESTER IL,Wal-Mart,2206 STATE ST,CHESTER,IL,62233,Y,,,,1,,9,37.925180595519,-89.806628445249
353,GRAHAM TX,Supercenter,2121 STATE HIGHWAY 16 S,GRAHAM,TX,76450,Y,Y,,,2,,9,33.085735713495,-98.584961859692
354,OWENSVILLE MO,Supercenter,1888 HIGHWAY 28,OWENSVILLE,MO,65066,Y,,,,1,,9,38.357859704423,-91.47736656142
357,VERSAILLES MO,Supercenter,1003 W NEWTON ST,VERSAILLES,MO,65084,Y,,,,1,,9,38.431706330685,-92.852405289776
360,CUSHING OK,Supercenter,3100 E MAIN ST,CUSHING,OK,74023,Y,,,,1,,9,35.985733300937,-96.723098650393
362,WINFIELD AL,Supercenter,2575 US HIGHWAY 43,WINFIELD,AL,35594,Y,,,,1,,9,33.9303,-87.7972
363,"MARSHALL, MO",Supercenter,855 CHEROKEE DR,MARSHALL,MO,65340,Y,Y,,,2,,9,39.113031875949,-93.213454144922
364,CENTER TX,Supercenter,765 HURST STREET,CENTER,TX,75935,,,,,0,Y,9,31.7865,-94.1869
366,MADISONVILLE TN,Supercenter,4525 HIGHWAY 411,MADISONVILLE,TN,37354,Y,,,,1,,9,35.514912372794,-84.360849433385
368,"PARSONS, KS",Supercenter,3201 NO 16TH ST,PARSONS,KS,67357,Y,,,,1,,9,37.372181220161,-95.258385910742
369,WINFIELD KS,Supercenter,2202 PIKE RD,WINFIELD,KS,67156,Y,,,,1,,9,37.2273632592,-96.99591193538
370,WELLINGTON KS,Supercenter,2022 E 16TH ST,WELLINGTON,KS,67152,Y,,,Y,2,,9,37.275152409741,-97.37636103854
372,DODGE CITY KS,Supercenter,1905 N 14TH AVE,DODGE CITY,KS,67801,Y,Y,,,2,,9,37.768155405361,-100.032905840321
373,HUNTSVILLE AR,Supercenter,157 GARY HATFIELD WAY,HUNTSVILLE,AR,72740,Y,,,,1,,9,36.0884253,-93.7375258
377,SUMTER MCCRAYS SC,Neighborhood Market,343 PINEWOOD RD,SUMTER,SC,29150,,,,,0,Y,9,33.9137,-80.3542
378,HOLTON KS,Supercenter,427 S ARIZONA AVE,HOLTON,KS,66436,,,,,0,Y,9,39.4436,-95.7525
382,OTTAWA KS,Supercenter,2101 S PRINCETON ST,OTTAWA,KS,66067,Y,,,,1,,9,38.583440704547,-95.267699055207
383,SILSBEE TX,Supercenter,1100 US HIGHWAY 96 N,SILSBEE,TX,77656,Y,,,,1,,9,30.338105486476,-94.18288262596
384,LUMBERTON TX,Supercenter,100 NO. LHS DRIVE,LUMBERTON,TX,77657,Y,,,,1,,9,30.258125328192,-94.218028910183
387,CHANDLER OK,Supercenter,3100 E 1ST ST,CHANDLER,OK,74834,Y,,,,1,,9,35.7032002,-96.880011
388,FT SMITH AR,Supercenter,2100 N 62ND ST,FORT SMITH,AR,72904,Y,Y,,,2,,9,35.3880338,-94.4265011
390,WAVERLY TN,Supercenter,275 WALTON DR,WAVERLY,TN,37185,Y,,,,1,,9,36.0830353,-87.7945789
393,JACKSON TN/BEMIS,Supercenter,2171 S HIGHLAND AVE,JACKSON,TN,38301,Y,,,,1,,9,35.551164416774,-88.807866071849
394,MOULTON AL,Supercenter,15445 HIGHWAY 24,MOULTON,AL,35650,Y,,,,1,,9,34.493154531793,-87.274219987491
395,MISSION TX,Supercenter,2410 E EXPRESSWAY 83,MISSION,TX,78572,Y,,,,1,,9,26.196488507389,-98.296262132866
396,ANDERSON SC,Supercenter,3812 LIBERTY HWY,ANDERSON,SC,29621,Y,Y,Y,,3,,9,34.55402922579,-82.680226591691
397,"MCALLEN, TX",Supercenter,1200 E JACKSON AVE,MCALLEN,TX,78503,Y,,,,1,,9,26.1771,-98.252
401,PLAQUEMINE LA,Supercenter,59690 BELLEVIEW DR,PLAQUEMINE,LA,70764,Y,,,,1,,9,30.262854831105,-91.252024052995
402,BREAUX BRIDGE LA,Supercenter,1932 REES ST,BREAUX BRIDGE,LA,70517,Y,,Y,Y,3,,9,30.291226948238,-91.912988421478
403,RUSSELVILLE AL,Supercenter,13675 HIGHWAY 43,RUSSELLVILLE,AL,35653,Y,,,,1,,9,34.493263289839,-87.727566259581
405,LEESVILLE LA,Supercenter,2204 S 5TH ST,LEESVILLE,LA,71446,Y,,,,1,,9,31.1431257,-93.2651126
408,"PORT ARTHUR, TX",Supercenter,8585 MEMORIAL BLVD,PORT ARTHUR,TX,77640,Y,,,,1,,9,29.8716577,-93.9332302
409,HALEYVILLE AL,Supercenter,42466 HIGHWAY 195,HALEYVILLE,AL,35565,Y,,,,1,,9,34.226488,-87.6214133
412,ATHENS TX,Supercenter,1405 E TYLER ST,ATHENS,TX,75751,,,,,0,Y,9,32.1935,-95.8432
418,FAIRBURY NE,Supercenter,2831 HIGHWAY 15,FAIRBURY,NE,68352,Y,,,,1,,9,40.1373089,-97.1810989
419,PRATT KS,Supercenter,2003 E 1ST ST,PRATT,KS,67124,Y,,,,1,,9,37.645604202968,-98.712320487241
421,DECATUR TX,Supercenter,800 S HIGHWAY 287,DECATUR,TX,76234,Y,,,,1,,9,33.229161875608,-97.578807124245
422,ROBINSON IL,Supercenter,1304 E MAIN ST,ROBINSON,IL,62454,Y,,,,1,,9,39.006049958256,-87.724059251536
424,CLANTON AL,Supercenter,1415 7TH ST S,CLANTON,AL,35045,,,Y,,1,,9,32.8355,-86.6425
425,"BRENT, AL",Supercenter,10675 HIGHWAY 5,BRENT,AL,35034,Y,,,,1,,9,32.96174805085,-87.16975397704
427,GREENVILLE TX,Supercenter,7401 INTERSTATE HIGHWAY 30,GREENVILLE,TX,75402,Y,,,,1,,9,33.095700869576,-96.107693743696
429,EDINBURG TX,Supercenter,1724 W UNIVERSITY DR,EDINBURG,TX,78539,Y,,,,1,,9,26.303920401286,-98.180164286301
432,TALLADEGA AL,Supercenter,214 HAYNES ST,TALLADEGA,AL,35160,,,,,0,Y,9,33.4354,-86.1134
433,"HUNTSVILLE (N), AL",Supercenter,2200 SPARKMAN DR NW,HUNTSVILLE,AL,35810,Y,,,,1,,9,34.763085917165,-86.593620092685
435,HIGHLAND IL,Supercenter,12495 STATE ROUTE 143,HIGHLAND,IL,62249,Y,,,,1,,9,38.758605708229,-89.684800337217
437,SEALY TX,Supercenter,310 OVERCREEK WAY,SEALY,TX,77474,,Y,,,1,,9,29.7789913,-96.1568381
440,ROCKPORT TX /FULTON,Supercenter,2401 HIGHWAY 35 N,ROCKPORT,TX,78382,Y,,,,1,,9,28.047105735752,-97.042557563157
442,KINGSVILLE TX,Supercenter,1133 GENERAL CAVAZOS BLVD,KINGSVILLE,TX,78363,Y,,,,1,,9,27.491337908106,-97.853118004403
443,HONDO TX,Supercenter,109 22ND ST,HONDO,TX,78861,Y,,,,1,,9,29.345620130256,-99.126962150748
445,LEITCHFIELD KY,Supercenter,1801 ELIZABETHTOWN RD,LEITCHFIELD,KY,42754,Y,,,,1,,9,37.486698551628,-86.26642608607
446,MADISONVILLE TX,Wal-Mart,1620 E MAIN ST,MADISONVILLE,TX,77864,,,,,0,Y,9,30.9533,-95.9091
448,SHREVEPORT LA,Supercenter,6235 W PORT AVE,SHREVEPORT,LA,71129,,Y,,,1,,9,32.5135356,-93.7477839
450,SHREVEPORT LA,Supercenter,9550 MANSFIELD RD,SHREVEPORT,LA,71118,,,,,0,Y,9,32.3977,-93.8025
452,MCALLEN TX,Supercenter,2800 W NOLANA AVE,MCALLEN,TX,78504,Y,,,,1,,9,26.2556,-98.2303
453,MALDEN MO,Wal-Mart,1007 N DOUGLASS ST,MALDEN,MO,63863,,,,,0,Y,9,36.5672,-89.9737
454,FAIRFIELD IL,Supercenter,150 COMMERCE DRIVE,FAIRFIELD,IL,62837,,,,,0,Y,9,38.3782,-88.3593
457,VIDOR TX,Supercenter,1360 N MAIN ST,VIDOR,TX,77662,Y,,,,1,,9,30.143843179305,-94.016161476874
461,EAGLE PASS TX,Supercenter,496 S BIBB AVE,EAGLE PASS,TX,78852,Y,,,,1,,9,28.7028,-100.4818
463,BEEVILLE TX,Supercenter,502 E FM 351,BEEVILLE,TX,78102,Y,,,,1,,9,28.428909372913,-97.744123885445
464,CORPUS CHRISTI TX,Supercenter,3829 US HIGHWAY 77,CORPUS CHRISTI,TX,78410,Y,,,,1,,9,27.7635302,-97.4033191
465,FLORESVILLE TX,Supercenter,305 10TH STREET,FLORESVILLE,TX,78114,,,,,0,Y,9,29.1693,-98.1936
466,BOLIVAR TN,Supercenter,1604 W MARKET ST,BOLIVAR,TN,38008,Y,,,,1,,9,35.278525967296,-89.025355739042
468,TEXARKANA AR,Supercenter,133 ARKANSAS BLVD,TEXARKANA,AR,71854,Y,,,,1,,9,33.460353162616,-94.041238334724
469,LAKE CHARLES LA,Supercenter,3415 GERSTNER MEMORIAL BLVD,LAKE CHARLES,LA,70607,Y,,,,1,,9,30.195373494315,-93.179976290773
471,"LANCASTER, TX",Supercenter,150 N INTERSTATE 35 E,LANCASTER,TX,75146,Y,,,,1,,9,32.5920798,-96.7561083
473,GIDDINGS TX,Wal-Mart,2374 E AUSTIN ST,GIDDINGS,TX,78942,,,,,0,Y,9,30.1777,-96.9332
476,GATESVILLE TX,Supercenter,2805 S STATE HIGHWAY 36,GATESVILLE,TX,76528,Y,,,,1,,9,31.425191069291,-97.715628190831
478,PEARSALL TX,Wal-Mart,819 N OAK ST,PEARSALL,TX,78061,,,,,0,Y,9,28.8923,-99.0944
480,PITTSFIELD IL,Wal-Mart,151 SHETLAND DR,PITTSFIELD,IL,62363,Y,,,,1,,9,39.60429635254,-90.824179975928
481,MATTOON IL,Supercenter,101 DETTRO DR,MATTOON,IL,61938,Y,,,,1,,9,39.4802,-88.3762
482,W. COLUMBIA TX EF,Wal-Mart,301 N COLUMBIA DR,WEST COLUMBIA,TX,77486,,,,,0,Y,9,29.1408,-95.6694
485,DONALDSONVILLE LA,Supercenter,37000 HWY 3089,DONALDSONVILLE,LA,70346,Y,,,,1,,9,30.1051938,-90.9875923
488,QUINCY FL,Supercenter,1940 PAT THOMAS PKWY,QUINCY,FL,32351,Y,,,,1,,9,30.558432161092,-84.592833491075
492,VINCENNES IN,Supercenter,650 KIMMELL RD,VINCENNES,IN,47591,Y,,,,1,,9,38.661412542527,-87.50355630527
493,"PARIS, KY",Supercenter,305 LETTON DR,PARIS,KY,40361,Y,Y,,,2,,9,38.197863401666,-84.276106867829
495,COLUMBUS MS,Supercenter,1913 HIGHWAY 45 N,COLUMBUS,MS,39705,Y,Y,,,2,,9,33.530840880557,-88.437237714064
497,"SHELBYVILLE, KY",Supercenter,500 TAYLORSVILLE RD,SHELBYVILLE,KY,40065,Y,Y,,,2,,9,38.209592348812,-85.262443279685
499,ENID OK,Supercenter,5505 W OWEN K GARRIOTT RD,ENID,OK,73703,Y,Y,,Y,3,,9,36.390623975505,-97.945003068969
500,EL PASO TX,Supercenter,4530 WOODROW BEAN,EL PASO,TX,79924,Y,Y,,,2,,9,31.7601001,-106.4870476
503,COLUMBUS TX,Wal-Mart,2103 MILAM ST,COLUMBUS,TX,78934,,,,,0,Y,9,29.7032,-96.5527
505,"DERIDDER, LA",Supercenter,1125 N PINE ST,DERIDDER,LA,70634,Y,,,,1,,9,30.865000987351,-93.285787211768
506,FLORA IL,Supercenter,1540 N WORTHEY ST,FLORA,IL,62839,Y,,,,1,,9,38.682024765953,-88.498223554027
511,SUMTER SC,Supercenter,1283 BROAD ST,SUMTER,SC,29150,Y,,,,1,,9,33.956954768233,-80.388719090887
515,MURPHY NC,Supercenter,2330 US 19,MURPHY,NC,28906,Y,,,,1,,9,35.110010366469,-84.007244115549
522,CROSBY TX,Supercenter,14215 FM 2100 RD,CROSBY,TX,77532,Y,,,,1,,9,29.892962981833,-95.063430502308
523,CARTHAGE TX,Supercenter,4609 NW LOOP 436,CARTHAGE,TX,75633,Y,,,,1,,9,32.1570412,-94.338114
524,KENEDY TX,Supercenter,200 BUSINESS PARK BLVD,KENEDY,TX,78119,,Y,,,1,,9,28.834087941589,-97.866331916235
528,"BRADENTON, FL",Supercenter,2911 53RD AVE E,BRADEN RIVER,FL,34203,Y,,,,1,,9,27.4547,-82.5359
529,TEXAS CITY TX,Supercenter,6410 INTERSTATE 45,LA MARQUE,TX,77568,Y,,,,1,,9,29.403626762951,-95.034554501556
530,"EL DORADO, AR",Supercenter,2730 N WEST AVE,EL DORADO,AR,71730,Y,,,,1,,9,33.241116342679,-92.665771478001
531,LAFAYETTE LA (W),Supercenter,3142 AMBASSADOR CAFFERY PKWY,LAFAYETTE,LA,70506,Y,Y,Y,,3,,9,30.187634270943,-92.075086671405
532,GONZALES LA,Supercenter,308 N AIRLINE HWY,GONZALES,LA,70737,Y,Y,Y,,3,,9,30.2385294,-90.9200987
533,NEW IBERIA LA,Supercenter,1205 E ADMIRAL DOYLE DR,NEW IBERIA,LA,70560,Y,,,,1,,9,29.978972892916,-91.809185851008
536,ABILENE TX (N),Supercenter,1650 STATE HIGHWAY 351,ABILENE,TX,79601,,,,,0,Y,9,32.4682,-99.7182
537,ODESSA TX,Supercenter,4210 JOHN BEN SHEPPERD PKWY,ODESSA,TX,79762,Y,Y,,,2,,9,31.894720719818,-102.334383387536
539,ALEXANDRIA LA,Supercenter,2050 N MALL DR,ALEXANDRIA,LA,71301,Y,,,,1,,9,31.277303452262,-92.451606910011
544,"DEL CITY (MWC), OK",Supercenter,5401 TINKER DIAGONAL ST,DEL CITY,OK,73115,,,,,0,Y,9,35.4449,-97.446
545,MANCHESTER KY,Wal-Mart,240 MANCHESTER SQUARE SHPG CTR,MANCHESTER,KY,40962,,,,,0,Y,9,37.1511,-83.7793
546,"RICHMOND, TX",Supercenter,5330 FM 1640 RD,RICHMOND,TX,77469,Y,Y,Y,,3,,9,29.5821811,-95.7607832
549,HOBBS NM,Supercenter,3800 N LOVINGTON HWY,HOBBS,NM,88240,Y,,,,1,,9,32.741797990089,-103.162283502092
550,LAWRENCEVILLE IL,Supercenter,2610 W HAVEN RD,LAWRENCEVILLE,IL,62439,Y,,,,1,,9,38.727864381127,-87.698967845781
552,WHITESBURG KY,Wal-Mart,350 WHITESBURG PLAZA,WHITESBURG,KY,41858,,,,,0,Y,9,37.1388,-82.855
554,LAREDO TX,Wal-Mart,5610 SAN BERNARDO AVE,LAREDO,TX,78041,Y,Y,,,2,,9,27.552352874586,-99.504304105943
556,WAYCROSS GA,Supercenter,2425 MEMORIAL DR,WAYCROSS,GA,31503,,,,,0,Y,9,31.2137,-82.3557
558,SALINA KS,Supercenter,2900 S 9TH ST,SALINA,KS,67401,Y,,,,1,,9,38.786353951606,-97.612935802493
564,"OKLAHOMA CITY(W), OK",Supercenter,6100 W RENO AVE,OKLAHOMA CITY,OK,73127,Y,,,,1,,9,35.464110098039,-97.622615837605
565,CORSICANA TX,Supercenter,3801 W STATE HIGHWAY 31,CORSICANA,TX,75110,Y,,,,1,,9,32.069110141921,-96.506533360793
567,CALDWELL TX,Wal-Mart,475 STATE HIGHWAY 36 N,CALDWELL,TX,77836,,,,,0,Y,9,30.5298,-96.7143
568,CARTHAGE TN,Supercenter,125 MYERS ST,CARTHAGE,TN,37030,Y,,,,1,,9,36.24364476983,-85.940316714498
569,COLUMBIA KY,Supercenter,2988 BURKESVILLE RD,COLUMBIA,KY,42728,Y,,,,1,,9,37.074627510986,-85.339059057375
572,KILGORE TX,Supercenter,1201 STONE ST,KILGORE,TX,75662,Y,,,,1,,9,32.392263103938,-94.864068085693
577,OLATHE KS,Supercenter,13600 S ALDEN ST,OLATHE,KS,66062,Y,,,,1,,9,38.882397522094,-94.756409864623
581,MARSHALLTOWN IA,Supercenter,2802 S CENTER ST,MARSHALLTOWN,IA,50158,Y,Y,,,2,,9,42.0128709139,-92.912203104845
583,ONEIDA TN,Supercenter,19740 ALBERTA ST,ONEIDA,TN,37841,Y,,,,1,,9,36.533281710755,-84.487621730971
586,CONWAY SC,Supercenter,2709 CHURCH ST STE A,CONWAY,SC,29526,Y,,,,1,,9,33.8360035,-79.0478143
587,SPARTA TN,Supercenter,202 SAM WALTON DR,SPARTA,TN,38583,Y,,,,1,,9,35.929593348077,-85.487550266155
588,ALBANY GA,Supercenter,2825 LEDO RD,ALBANY,GA,31707,Y,,,,1,,9,31.622595320411,-84.213641447899
591,CYNTHIANA KY,Supercenter,805 US HIGHWAY 27 S,CYNTHIANA,KY,41031,,,,,0,Y,9,38.3964,-84.2949
594,"FAYETTEVILLE, GA",Supercenter,125 PAVILION PKWY,FAYETTEVILLE,GA,30214,Y,,,,1,,9,33.480013202329,-84.441246611901
598,"KEARNEY, NE",Supercenter,5411 2ND AVE,KEARNEY,NE,68847,Y,,,,1,,9,40.727176799241,-99.083720356614
599,KINGSPORT TN,Supercenter,3200 FORT HENRY DR,KINGSPORT,TN,37664,Y,,,Y,2,,9,36.510334222924,-82.516720594095
600,PAMPA TX,Supercenter,2801 NO. CHARLES ST.,PAMPA,TX,79065,Y,,,,1,,9,35.536297,-100.9601552
601,SAN ANGELO TX,Supercenter,5501 SHERWOOD WAY,SAN ANGELO,TX,76904,Y,,,,1,,9,31.428263493063,-100.511063289418
604,DOTHAN AL,Supercenter,4310 MONTGOMERY HWY,DOTHAN,AL,36303,Y,,,,1,,9,31.264433484755,-85.440920852535
607,HOBART OK,Wal-Mart,923 W 11TH ST,HOBART,OK,73651,Y,,,,1,,9,35.0255,-99.0944
609,HANNIBAL MO,Supercenter,3650 STARDUST DR,HANNIBAL,MO,63401,Y,,,,1,,9,39.722638643478,-91.399568362074
611,ROSWELL NM,Supercenter,4500 N MAIN ST STE A,ROSWELL,NM,88201,Y,,,,1,,9,33.342375343871,-104.523350065588
615,CARTERSVILLE GA,Supercenter,101 MARKET PLACE BLVD,CARTERSVILLE,GA,30121,Y,Y,,,2,,9,34.1652304,-84.7997613
616,"ORANGEBURG, SC",Supercenter,2795 NORTH RD,ORANGEBURG,SC,29118,Y,,,,1,,9,33.527701701023,-80.891362493253
617,SULLIVAN IN,Wal-Mart,757 W WOLFE ST,SULLIVAN,IN,47882,,Y,,,1,,9,39.101,-87.4102
619,DAYTON TN,Supercenter,3034 RHEA COUNTY HWY,DAYTON,TN,37321,Y,,,,1,,9,35.460156842381,-85.046176788869
620,BRISTOL TN,Supercenter,220 CENTURY BLVD,BRISTOL,TN,37620,Y,,,Y,2,,9,36.542469399214,-82.235217119203
621,LAKE CITY SC,Supercenter,900 US 52 HWY,LAKE CITY,SC,29560,Y,,,,1,,9,33.847251118526,-79.764315174716
624,NEWBERRY SC,Supercenter,2812 MAIN ST,NEWBERRY,SC,29108,Y,,,Y,2,,9,34.282499673726,-81.593552263952
626,SEMINOLE TX,Wal-Mart,2000 HOBBS HWY,SEMINOLE,TX,79360,,,,,0,Y,9,32.721,-102.6828
629,UNION SC,Supercenter,513 N DUNCAN BYP,UNION,SC,29379,,,,,0,Y,9,34.7269,-81.6202
630,FLORENCE SC,Supercenter,230 N BELTLINE DR,FLORENCE,SC,29501,Y,,Y,,2,,9,34.189439770722,-79.824256861572
639,BRUNSWICK GA,Supercenter,150 ALTAMA CONNECTOR,BRUNSWICK,GA,31525,Y,,,,1,,9,31.214734235228,-81.480348024385
641,GREENVILLE SC,Supercenter,6134 WHITE HORSE RD,GREENVILLE,SC,29611,Y,,,,1,,9,34.853785905361,-82.453889993341
642,CHERAW SC,Supercenter,1040 CHESTERFIELD HWY,CHERAW,SC,29520,Y,,,,1,,9,34.699200061507,-79.932067594051
644,ANDERSON SC,Supercenter,651 HIGHWAY 28 BYP,ANDERSON,SC,29624,Y,,,,1,,9,34.491041267695,-82.676124155173
646,ANAMOSA IA,Supercenter,101 115TH ST,ANAMOSA,IA,52205,Y,,,,1,,9,42.101696993206,-91.265109912822
651,BEAUMONT TX,Supercenter,4145 DOWLEN RD,BEAUMONT,TX,77706,Y,,,,1,,9,30.121624689359,-94.165118948081
653,HOPKINSVILLE KY,Supercenter,300 CLINIC DR,HOPKINSVILLE,KY,42240,,,,,0,Y,9,36.8621,-87.4851
655,MADISONVILLE KY,Supercenter,420 MEMORIAL DR,HANSON,KY,42413,Y,,,,1,,9,37.4172671,-87.4808336
657,COOKEVILLE TN,Supercenter,768 S JEFFERSON AVE,COOKEVILLE,TN,38501,Y,,,,1,,9,36.172338859941,-85.501002769957
664,HAYS KS,Supercenter,4301 VINE ST,HAYS,KS,67601,Y,,,Y,2,,9,38.901894769686,-99.317907480029
665,CAMPBELLSVILLE KY,Supercenter,725 CAMPBELLSVILLE BYP,CAMPBELLSVILLE,KY,42718,Y,,,,1,,9,37.350043640997,-85.374990097152
666,SEBRING FL,Supercenter,3525 US HIGHWAY 27 N,SEBRING,FL,33870,Y,,,,1,,9,27.512983636081,-81.494569059675
667,TULLAHOMA TN,Supercenter,2111 N JACKSON ST,TULLAHOMA,TN,37388,Y,,,,1,,9,35.391698885659,-86.239647266264
668,"MCMINNVILLE, TN",Supercenter,915 N CHANCERY ST,MCMINNVILLE,TN,37110,Y,,,,1,,9,35.698625169774,-85.785936771283
670,CULLMAN AL,Supercenter,626 OLIVE ST SW,CULLMAN,AL,35055,Y,,,,1,,9,34.151519809613,-86.838855256103
672,"ALCOA, TN",Supercenter,1030 HUNTERS XING,ALCOA,TN,37701,Y,,,Y,2,,9,35.771040671262,-83.989499763951
674,"GALLATIN, TN",Supercenter,1112 NASHVILLE PIKE,GALLATIN,TN,37066,Y,,,,1,,9,36.374554395944,-86.476010960601
676,ROCKWOOD/HARRIMAN TN,Supercenter,1102 NO. GATEWAY AVE,ROCKWOOD,TN,37854,Y,,,,1,,9,35.881734738097,-84.660709125706
677,DYERSBURG TN,Supercenter,2650 LAKE RD,DYERSBURG,TN,38024,Y,,,,1,,9,36.063428225328,-89.39573670182
678,NEWPORT TN,Supercenter,1075 COSBY HWY,NEWPORT,TN,37821,Y,,,,1,,9,35.943327152873,-83.208337978521
680,GREENEVILLE TN,Supercenter,3755 E ANDREW JOHNSON HWY,GREENEVILLE,TN,37745,Y,Y,,,2,,9,36.1631575,-82.8309861
681,GUNTERSVILLE AL,Supercenter,11697 US HIGHWAY 431,GUNTERSVILLE,AL,35976,Y,,,,1,,9,34.304056199432,-86.28475505168
683,LAWRENCEBURG TN,Supercenter,2130 N LOCUST AVE,LAWRENCEBURG,TN,38464,Y,,,,1,,9,35.27398639979,-87.318425049664
684,LEXINGTON TN,Supercenter,547 W CHURCH ST,LEXINGTON,TN,38351,Y,Y,,,2,,9,35.656831494372,-88.409524140267
686,FITZGERALD GA,Supercenter,120 BENJAMIN H HILL DR W,FITZGERALD,GA,31750,Y,,,,1,,9,31.692229895626,-83.246742560289
688,"NASHVILLE (S), TN",Supercenter,5824 NOLENSVILLE PIKE,NASHVILLE,TN,37211,Y,,,,1,,9,36.0725,-86.724
693,JACKSON KY,Wal-Mart,1589 KENTUCKY,JACKSON,KY,41339,Y,,,,1,,9,37.4868,-83.2913
696,PRESTONSBURG KY,Wal-Mart,477 VILLAGE DR,PRESTONSBURG,KY,41653,Y,,,,1,,9,37.656255094386,-82.7810858696
699,OXFORD MS,Supercenter,2530 JACKSON AVE W,OXFORD,MS,38655,Y,Y,Y,,3,,9,34.362017348032,-89.565236463976
700,SELMA AL,Supercenter,1501 AL HIGHWAY 14 E,SELMA,AL,36703,Y,,,,1,,9,32.431530682987,-87.010687995791
701,"OWENSBORO, KY",Supercenter,5031 FREDERICA ST,OWENSBORO,KY,42301,Y,,,,1,,9,37.71993255875,-87.124464395793
702,WINCHESTER KY,Supercenter,1859 BYPASS RD,WINCHESTER,KY,40391,Y,Y,,,2,,9,37.98860623861,-84.208932013242
707,CLARKSDALE MS,Supercenter,1000 S STATE ST,CLARKSDALE,MS,38614,Y,,,,1,,9,34.184814408547,-90.589442504167
708,VICKSBURG MS,Supercenter,2150 IOWA BLVD,VICKSBURG,MS,39180,Y,,,,1,,9,32.307505436258,-90.893540762498
711,GLASGOW KY,Supercenter,2345 HAPPY VALLEY RD,GLASGOW,KY,42141,Y,,,,1,,9,37.022282040844,-85.934135270882
713,DADE CITY FL,Wal-Mart,12650 US HIGHWAY 301,DADE CITY,FL,33525,,,,,0,Y,9,28.3318,-82.2446
714,WEST HELENA AR,Supercenter,602 SHELIA STREET,HELENA-WEST HELENA,AR,72390,,,,,0,Y,9,34.5496,-90.6545
716,GREENWOOD MS,Supercenter,2202 HIGHWAY 82 W,GREENWOOD,MS,38930,Y,,,,1,,9,33.528529003855,-90.22377802939
723,TROY AL,Supercenter,1420 HIGHWAY 231 S,TROY,AL,36081,Y,Y,,,2,,9,31.779100495091,-85.941443818954
726,ALEXANDER CITY AL,Supercenter,2643 HIGHWAY 280,ALEXANDER CITY,AL,35010,Y,,,Y,2,,9,32.934745865756,-85.972383953325
727,CEDARTOWN GA,Supercenter,1585 ROME HWY,CEDARTOWN,GA,30125,,,,,0,Y,9,34.0112,-85.2459
730,SYLACAUGA AL,Supercenter,41301 US HIGHWAY 280,SYLACAUGA,AL,35150,Y,,,,1,,9,33.175460918656,-86.289803937785
731,DEMOPOLIS AL,Supercenter,969 US HIGHWAY 80 W,DEMOPOLIS,AL,36732,Y,,,,1,,9,32.495047630067,-87.851948418243
733,"VALLEY, AL",Supercenter,3501 20TH AVE,VALLEY,AL,36854,Y,,,,1,,9,32.793446509953,-85.159592993926
736,RUSSELVILLE KY,Supercenter,120 SAM WALTON DR,RUSSELLVILLE,KY,42276,Y,,,,1,,9,36.8453199,-86.887219
737,LEWISBURG TN,Supercenter,1334 N ELLINGTON PKWY,LEWISBURG,TN,37091,Y,Y,,,2,,9,35.468658406006,-86.792048551467
742,KINGSPORT TN,Supercenter,2500 W STONE DR,KINGSPORT,TN,37660,Y,Y,,,2,,9,36.555519902626,-82.602427703186
743,OKLAHOMA CITY OK,Supercenter,100 EAST I-240 SERVICE RD,OKLAHOMA CITY,OK,73149,,,,,0,Y,9,35.395,-97.4972
751,PELLA IA,Supercenter,1650 WASHINGTON ST,PELLA,IA,50219,Y,,,,1,,9,41.410591424333,-92.934133090892
752,PASADENA TX,Supercenter,5200 FAIRMONT PKWY,PASADENA,TX,77505,Y,,,Y,2,,9,29.649565366095,-95.160418171284
754,STATESBORO GA,Supercenter,147 NORTHSIDE DR E,STATESBORO,GA,30458,Y,,,,1,,9,32.437435739472,-81.761167534986
756,SUMMERVILLE GA,Supercenter,13427 HIGHWAY 27,TRION,GA,30753,Y,,,,1,,9,34.520143987364,-85.314411663523
758,AMERICUS GA,Supercenter,1711 E LAMAR ST,AMERICUS,GA,31709,,,,,0,Y,9,32.0404,-84.2153
759,WAUCHULA FL,Supercenter,1480 US HIGHWAY 17 N,WAUCHULA,FL,33873,,,,,0,Y,9,27.5517,-81.8074
760,HARDINSBURG KY,Wal-Mart,1002 OLD US 60 E,HARDINSBURG,KY,40143,,,,,0,Y,9,37.7512,-86.4537
761,"RACELAND, LA",Supercenter,4858 HIGHWAY 1,RACELAND,LA,70394,Y,,,,1,,9,29.693027812138,-90.551837338705
762,BIRMINGHAM/CENTERPOINT,Supercenter,9248 PARKWAY E,BIRMINGHAM,AL,35206,Y,,,,1,,9,33.5206824,-86.8024326
764,BESSEMER AL,Supercenter,750 ACADEMY DR,BESSEMER,AL,35022,Y,,,,1,,9,33.367296601163,-87.002974940061
766,FLORENCE AL,Supercenter,3100 HOUGH RD,FLORENCE,AL,35630,Y,Y,,,2,,9,34.836065170733,-87.626049004548
769,VENICE FL,Supercenter,4150 TAMIAMI TRL S,VENICE,FL,34293,Y,,,,1,,9,27.0998315,-82.4442832
770,GREAT BEND KS,Supercenter,3503 10TH ST,GREAT BEND,KS,67530,,,,,0,Y,9,38.3936,-98.7751
773,EUNICE LA,Supercenter,1538 HIGHWAY 190,EUNICE,LA,70535,Y,Y,,,2,,9,30.495060254417,-92.44791036538
774,COLUMBUS NE,Supercenter,818 E 23RD ST,COLUMBUS,NE,68601,Y,,,,1,,9,41.438599281801,-97.316581059238
775,GALESBURG IL,Supercenter,659 KNOX SQUARE DR,GALESBURG,IL,61401,Y,,,,1,,9,40.979425749915,-90.360534263799
780,MONROE GA,Supercenter,2050 W SPRING ST,MONROE,GA,30655,,,,,0,Y,9,33.7883,-83.7013
781,MARBLE FALLS TX,Supercenter,2700 US HIGHWAY 281,MARBLE FALLS,TX,78654,Y,,,,1,,9,30.522570853835,-98.287811893998
782,UVALDE TX,Supercenter,3100 E MAIN ST,UVALDE,TX,78801,Y,Y,,,2,,9,29.232831889907,-99.753212869077
783,MACON MO,Wal-Mart,705 E BRIGGS DR,MACON,MO,63552,,,,,0,Y,9,39.7481,-92.4622
789,MESQUITE TX,Supercenter,200 US HIGHWAY 80 E,MESQUITE,TX,75149,Y,,,,1,,9,32.790659483928,-96.599067507798
790,MCCOOK NE,Supercenter,1902 W B ST,MCCOOK,NE,69001,,,,,0,Y,9,40.2049,-100.6279
792,ALEDO IL,Wal-Mart,1500 SE 5TH ST,ALEDO,IL,61231,Y,,,,1,,9,41.19755939014,-90.727902678627
795,BARNWELL SC,Supercenter,11391 DUNBARTON BLVD,BARNWELL,SC,29812,,Y,,,1,,9,33.240330408235,-81.391904030975
797,BURLINGTON IA,Supercenter,324 W AGENCY RD,WEST BURLINGTON,IA,52655,Y,,,,1,,9,40.812826322904,-91.161149749327
798,MARSHALL IL,Supercenter,108 KYDEN DR,MARSHALL,IL,62441,Y,,,,1,,9,41.0324537,-89.2998456
802,MONROE WI,Supercenter,300 6TH AVE WEST,MONROE,WI,53566,Y,,,,1,,9,42.606573845208,-89.655193235954
803,BOGALUSA LA EF,Supercenter,401 ONTARIO AVE,BOGALUSA,LA,70427,Y,Y,,,2,,9,30.791652693582,-89.865879732539
804,MINERAL WELLS TX,Supercenter,601 NO. FM 1821,MINERAL WELLS,TX,76067,Y,,,Y,2,,9,32.815376047246,-98.08296770176
806,"LAS CRUCES, NM",Supercenter,571 WALTON BLVD,LAS CRUCES,NM,88001,Y,,,,1,,9,32.314680176162,-106.751642518956
809,OXFORD AL,Supercenter,92 PLAZA LN,OXFORD,AL,36203,Y,,,,1,,9,33.60064112174,-85.830820700314
813,BROWNWOOD TX,Supercenter,401 W COMMERCE ST,BROWNWOOD,TX,76801,Y,,,,1,,9,31.728668698597,-98.982747012023
814,"OKEECHOBEE, FL",Supercenter,2101 S PARROTT AVE,OKEECHOBEE,FL,34974,Y,,,,1,,9,27.229684138836,-80.829835193827
816,BROOKHAVEN MS,Supercenter,960 BROOKWAY BLVD,BROOKHAVEN,MS,39601,,,,,0,Y,9,31.5858,-90.452
820,BOONVILLE MO,Supercenter,2150 MAIN ST,BOONVILLE,MO,65233,Y,,,,1,,9,38.9751547,-92.7440277
821,CLOVIS NM,Supercenter,3728 N PRINCE ST,CLOVIS,NM,88101,Y,,,,1,,9,34.34405848138,-103.196832348361
822,AMARILLO TX,Supercenter,3700 E INTERSTATE 40,AMARILLO,TX,79103,,,,,0,Y,9,35.1751,-101.7976
825,STANFORD KY,Supercenter,1283 US HIGHWAY 27 N,STANFORD,KY,40484,Y,,,,1,,9,37.5311646,-84.6618876
827,CANTON TX,Supercenter,603 E HIGHWAY 243,CANTON,TX,75103,,,,,0,Y,9,32.5143,-95.9047
829,"SANTA FE,NM",Wal-Mart,3251 CERRILLOS RD,SANTA FE,NM,87507,Y,,,,1,,9,35.6876096,-105.938456
830,ROCK FALLS IL,Wal-Mart,1901 1ST AVE,ROCK FALLS,IL,61071,,,,,0,Y,9,41.7665,-89.6925
833,CARMI ILL,Supercenter,1344 ILLINOIS HWY 1,CARMI,IL,62821,,,,,0,Y,9,38.0808,-88.167
834,BETHANY MO,Supercenter,810 S 37TH ST,BETHANY,MO,64424,Y,,,,1,,9,40.2683344,-94.0282861
835,ALBUQUERQUE - JUAN TOBO,Supercenter,400 EUBANK BLVD NE,ALBUQUERQUE,NM,87123,Y,,,,1,,9,35.07825048631,-106.532259307569
839,BATON ROUGE LA,Supercenter,9350 CORTANA PL,BATON ROUGE,LA,70815,Y,,,,1,,9,30.460658908235,-91.090831251507
840,WARNER ROBINS GREEN GA,Neighborhood Market,515 N HOUSTON RD,WARNER ROBINS,GA,31093,Y,,,,1,,9,32.625401218303,-83.641574106086
841,TIPTON IA,Wal-Mart,1126 HIGHWAY 38 NORTH,TIPTON,IA,52772,,,,,0,Y,9,41.7563,-91.1362
842,"PUEBLO (N), CO",Supercenter,4200 DILLON DR,PUEBLO,CO,81008,Y,,,,1,,9,38.263995,-104.6141867
843,CAMILLA GA,Supercenter,165 US HIGHWAY 19 S,CAMILLA,GA,31730,Y,,,,1,,9,31.2312887,-84.2103726
846,LAGRANGE TX,Supercenter,1915 W. STATE HWY. 71,LA GRANGE,TX,78945,,,,,0,Y,9,29.904,-96.886
847,DODGEVILLE WI,Supercenter,601 E LEFFLER ST,DODGEVILLE,WI,53533,Y,,,,1,,9,42.974448813702,-90.125255101231
848,SOUTHAVEN MS,Supercenter,6811 SOUTHCREST PKWY,SOUTHAVEN,MS,38671,,,,,0,Y,9,34.9771,-89.9992
849,HOUST/HUMBLE/ALBIDE,Supercenter,155 LOUETTA XING,SPRING,TX,77373,,Y,Y,,2,,9,30.063559675249,-95.43067044677
852,OTTAWA IL,Supercenter,4041 VETERANS DR,OTTAWA,IL,61350,Y,,,,1,,9,41.3516628,-88.845436
858,CAIRO GA,Supercenter,361 8TH AVE NE,CAIRO,GA,39828,Y,,,,1,,9,30.885632980374,-84.203738037709
859,LAKE WALES FL,Supercenter,2000 STATE ROAD 60 E,LAKE WALES,FL,33898,,,,,0,Y,9,27.8643,-81.5719
860,DELAND FL,Supercenter,1699 N WOODLAND BLVD,DELAND,FL,32720,Y,Y,Y,,3,,9,29.061143707657,-81.304318073505
861,LUBBOCK TX,Supercenter,4215 S LOOP 289,LUBBOCK,TX,79423,Y,,,,1,,9,33.529304471704,-101.90220642676
863,ROANOKE AL,Supercenter,4180 US HWY 431,ROANOKE,AL,36274,,,,,0,Y,9,33.1512,-85.3722
864,VIDALIA GA,Supercenter,3109 E 1ST ST,VIDALIA,GA,30474,Y,,,,1,,9,32.162148727949,-82.403724771834
869,ALAMOSA CO,Supercenter,3333 CLARK ST,ALAMOSA,CO,81101,Y,Y,,,2,,9,37.480525081324,-105.904792617915
870,JASPER IN,Supercenter,4040 N NEWTON ST,JASPER,IN,47546,Y,,Y,,2,,9,38.424427065272,-86.937878622873
871,MOUNTAIN VIEW MO,Wal-Mart,101 W US HIGHWAY 60,MOUNTAIN VIEW,MO,65548,,,,,0,Y,9,36.9892,-91.7099
872,PEARLAND TX,Supercenter,1919 N MAIN ST,PEARLAND,TX,77581,Y,,,Y,2,,9,29.573309664317,-95.286146154798
873,TAOS NM,Wal-Mart,926 PASEO DEL PUEBLO SUR,TAOS,NM,87571,Y,,,,1,,9,36.387872206125,-105.584253215869
874,NATCHEZ MS,Supercenter,314 SGT PRENTISS DR,NATCHEZ,MS,39120,Y,,,,1,,9,31.551364423943,-91.370642406256
875,RIDGELAND MS /JACKSON,Supercenter,815 S WHEATLEY ST,RIDGELAND,MS,39157,,,,,0,Y,9,32.4122,-90.1207
876,MANY LA,Supercenter,25800 HIGHWAY 171,MANY,LA,71449,Y,,,,1,,9,31.5683773,-93.4840608
877,MONROE NC,Supercenter,2406 W ROOSEVELT BLVD,MONROE,NC,28110,,Y,Y,,2,,9,35.010957279103,-80.564785738677
884,SHELBYVILLE IN,Supercenter,2500 PROGRESS PKWY,SHELBYVILLE,IN,46176,Y,Y,,,2,,9,39.525457333321,-85.741262204333
885,SEWARD NE,Supercenter,1326 280TH,SEWARD,NE,68434,Y,,,,1,,9,40.877539981101,-97.101581189471
887,PETAL MS,Supercenter,36 BYRD BLVD,PETAL,MS,39465,Y,,,,1,,9,31.371007476964,-89.224780647989
888,BUTLER MO,Supercenter,400 S FRAN,BUTLER,MO,64730,Y,,,,1,,9,38.256109852585,-94.355170168193
891,STERLING IL,Supercenter,4115 E LINCOLNWAY,STERLING,IL,61081,Y,,,Y,2,,9,41.790622540168,-89.748423209235
895,"CUBA, MO",Wal-Mart,100 OZARK DR,CUBA,MO,65453,,,,,0,Y,9,38.0926,-91.4081
900,CHILDRESS TX,Supercenter,2801 AVENUE F NW,CHILDRESS,TX,79201,Y,,,,1,,9,34.436804523091,-100.232430300234
902,GREENCASTLE IN,Supercenter,1750 INDIANAPOLIS RD,GREENCASTLE,IN,46135,Y,,,,1,,9,39.6444898,-86.8647316
903,"JACKSON, MS",Supercenter,2711 GREENWAY DR,JACKSON,MS,39204,Y,,,,1,,9,32.290686682554,-90.267021379604
904,FOLEY AL,Supercenter,2200 S MCKENZIE ST,FOLEY,AL,36535,Y,,,,1,,9,30.378014882536,-87.683380162344
906,GALLUP NM,Supercenter,1650 W MALONEY AVE,GALLUP,NM,87301,Y,,,Y,2,,9,35.526479125485,-108.768769326768
907,FORSYTH GA,Supercenter,180 N LEE ST,FORSYTH,GA,31029,Y,,,,1,,9,33.042288411224,-83.940933723282
909,CHALMETTE LA,Supercenter,8101 W JUDGE PEREZ DR,CHALMETTE,LA,70043,Y,,,,1,,9,29.944196,-89.9644624
911,HARVEY (NO-S) LA,Supercenter,4810 LAPALCO BLVD,MARRERO,LA,70072,Y,,Y,,2,,9,29.875102167767,-90.092368705107
912,NEW ORLEANS (EAST) LA,Supercenter,6000 BULLARD AVE,NEW ORLEANS,LA,70128,Y,,,,1,,9,30.043496595885,-89.959135720993
913,DECORAH IA,Supercenter,1798 OLD STAGE RD,DECORAH,IA,52101,Y,,,,1,,9,43.290955130508,-91.751829657414
914,CASSVILLE MO,Supercenter,1401 OLD EXETER ROAD,CASSVILLE,MO,65625,Y,,,,1,,9,36.6770111,-93.868811
916,HATTIESBURG MS,Supercenter,6072 U S HIGHWAY 98,HATTIESBURG,MS,39402,,,,,0,Y,9,31.3098,-89.3775
917,BRADY TX,Supercenter,2207 S BRIDGE ST,BRADY,TX,76825,Y,,,,1,,9,31.1509,-99.3372
919,FT WALTON BEACH FL,Supercenter,748 BEAL PKWY NW,FORT WALTON BEACH,FL,32547,Y,Y,Y,Y,4,,9,30.44254799538,-86.638723579235
922,CORYDON IN,Supercenter,2363 HIGHWAY 135 NW,CORYDON,IN,47112,Y,Y,,,2,,9,38.233227677095,-86.129969450341
930,MONTGOMERY (S) AL,Supercenter,3801 EASTERN BLVD,MONTGOMERY,AL,36116,Y,,,Y,2,,9,32.329118704449,-86.23346037149
936,EFFINGHAM IL,Supercenter,1204 AVENUE OF MID AMERICA,EFFINGHAM,IL,62401,Y,,,,1,,9,39.13937597636,-88.561002379622
938,MONTGOMERY (E) AL,Supercenter,6495 ATLANTA HWY,MONTGOMERY,AL,36117,Y,,,,1,,9,32.382436560685,-86.183810048967
939,WACO TX,Supercenter,4320 FRANKLIN AVE,WACO,TX,76710,Y,,,,1,,9,31.5491899,-97.1474628
950,"BARTLETT, TN",Supercenter,8400 US HIGHWAY 64,BARTLETT,TN,38133,Y,,,,1,,9,35.204486781229,-89.782097063041
951,HEMPSTEAD TX,Wal-Mart,625 HIGHWAY 290 E,HEMPSTEAD,TX,77445,,,,,0,Y,9,30.092,-96.0716
952,MOULTRIE GA,Supercenter,641 VETERANS PKWY S,MOULTRIE,GA,31788,Y,,,,1,,9,31.179998,-83.7887928
954,HAZELHURST MS,Supercenter,527 LAKE ST,HAZLEHURST,MS,39083,Y,,,Y,2,,9,31.862598380981,-90.399109370154
957,GENESEO IL,Wal-Mart,125 E BESTOR DR,GENESEO,IL,61254,,,,,0,Y,9,41.4688,-90.1711
962,TRINIDAD CO,Supercenter,2921 TOUPAL DR,TRINIDAD,CO,81082,Y,,,,1,,9,37.138705494243,-104.522559743708
964,EL PASO (S) TX,Supercenter,9441 ALAMEDA AVE,EL PASO,TX,79907,Y,,,,1,,9,31.682027291305,-106.314199965176
965,TOMAH WI,Supercenter,222 W MCCOY BLVD,TOMAH,WI,54660,Y,,,,1,,9,44.017914888385,-90.507693161725
966,CORTEZ CO,Supercenter,1835 E MAIN ST,CORTEZ,CO,81321,Y,,,,1,,9,37.3494528,-108.584073
967,SPRINGHILL / BROOKSVILLE,Supercenter,1485 COMMERCIAL WAY,SPRING HILL,FL,34606,Y,Y,,,2,,9,28.457128296538,-82.628678015126
969,GULFPORT MS,Supercenter,9350 HIGHWAY 49,GULFPORT,MS,39503,Y,,,,1,,9,30.422328143563,-89.092267312483
971,VIROQUA WI,Supercenter,1133 N MAIN ST,VIROQUA,WI,54665,,,,,0,Y,9,43.5442,-90.8939
972,LAKE WORTH TX,Supercenter,6360 LAKE WORTH BLVD,LAKE WORTH,TX,76135,Y,,,,1,,9,32.8048507,-97.44502
978,ARKANSAS CITY KS,Supercenter,2701 N SUMMIT ST,ARKANSAS CITY,KS,67005,,,,,0,Y,9,37.0676,-97.0357
980,GREELEY CO,Supercenter,3103 S 23RD AVE,GREELEY,CO,80631,Y,Y,,,2,,9,40.386102652573,-104.715939767053
981,MERIDIAN MS,Supercenter,1733 2ND ST S,MERIDIAN,MS,39301,Y,,,,1,,9,32.365194959808,-88.694980891848
985,FAIRFIELD IA,Supercenter,2701 W BURLINGTON AVE,FAIRFIELD,IA,52556,,,,,0,Y,9,41.0039,-91.9576
991,MOBILE AL,Supercenter,101 E I65 SERVICE RD S,MOBILE,AL,36606,Y,,,,1,,9,30.6913462,-88.0437509
996,SPENCER IN,Wal-Mart,823 W STATE HIGHWAY 46,SPENCER,IN,47460,Y,,,,1,,9,39.289936858829,-86.783963727331
999,SAN ANTONIO RAY ELLISON &,Supercenter,7239 SW LOOP 410,SAN ANTONIO,TX,78242,Y,,,,1,,9,29.4246002,-98.4951405
1001,"PUEBLO, CO",Supercenter,4080 W NORTHERN AVE,PUEBLO,CO,81005,,Y,Y,,2,,9,38.263995,-104.6141867
1007,RICHLAND CENTER WI,Supercenter,2401 US HWY 14 E,RICHLAND CENTER,WI,53581,Y,,,,1,,9,43.315079463369,-90.350462007313
1010,ROCKINGHAM NC,Supercenter,720 E US HIGHWAY 74,ROCKINGHAM,NC,28379,Y,,,,1,,9,34.912963022723,-79.729616363823
1012,BEAVER DAM WI,Supercenter,120 FRANCES LN,BEAVER DAM,WI,53916,Y,,Y,,2,,9,43.4577692,-88.837329
1013,CLINTON IN,Wal-Mart,1795 E STATE ROAD 163,CLINTON,IN,47842,,,,,0,Y,9,39.6591,-87.4208
1015,"EL PASO, TX",Supercenter,7555 N MESA ST,EL PASO,TX,79912,Y,,,,1,,9,31.838429627163,-106.565854965068
1017,MANNING SC,Supercenter,2010 PAXVILLE HWY,MANNING,SC,29102,,,,,0,Y,9,33.6184,-80.2116
1018,EASTMAN GA,Supercenter,1099 INDIAN DR,EASTMAN,GA,31023,,,,,0,Y,9,32.2084,-83.186
1021,WARRENTON MO,Supercenter,500 WARREN COUNTY CTR,WARRENTON,MO,63383,Y,,,,1,,9,38.810751,-91.150268
1024,SWAINSBORO GA,Supercenter,414 S MAIN ST,SWAINSBORO,GA,30401,,,,,0,Y,9,32.5699,-82.3462
1025,MCCOMB MS,Supercenter,1608 VETERANS BLVD,MCCOMB,MS,39648,Y,,,,1,,9,31.1769,-90.4016
1026,BEDFORD IN,Supercenter,3200 JOHN WILLIAMS BLVD,BEDFORD,IN,47421,Y,,,,1,,9,38.868103984819,-86.515130708865
1027,CONCORD NC,Supercenter,150 CONCORD COMMONS PL SW,CONCORD,NC,28027,Y,,,,1,,9,35.402368919846,-80.608884868886
1037,SUMMERVILLE SC,Supercenter,1317 N MAIN ST STE A1,SUMMERVILLE,SC,29483,Y,Y,Y,,3,,9,33.036763718382,-80.155014677205
1038,WASECA MN,Supercenter,2103 STATE ST N,WASECA,MN,56093,Y,,,,1,,9,44.097281162422,-93.507262083658
1043,PAULS VALLEY OK,Supercenter,2008 W GRANT AVE,PAULS VALLEY,OK,73075,Y,,,,1,,9,34.739101590544,-97.247965907882
1047,MORROW GA,Supercenter,6065 JONESBORO RD,MORROW,GA,30260,,Y,,,1,,9,33.589571071485,-84.337796117011
1048,WILLIAMSBURG KY,Supercenter,589 W HIGHWAY 92,WILLIAMSBURG,KY,40769,,,,,0,Y,9,36.747,-84.1394
1051,LEVELLAND TX,Supercenter,407 E STATE ROAD 114,LEVELLAND,TX,79336,Y,,,,1,,9,33.594015103362,-102.36245735987
1052,FAYETTE AL,Supercenter,3186 HIGHWAY 171 N,FAYETTE,AL,35555,,,,,0,Y,9,33.6974,-87.8346
1054,ATCHISON KS,Supercenter,1920 HIGHWAY 73,ATCHISON,KS,66002,Y,Y,,,2,,9,39.545351006138,-95.129765234442
1056,NEWCASTLE OK,Supercenter,3300 TRI CITY DR,NEWCASTLE,OK,73065,Y,,,Y,2,,9,35.2472869,-97.59976
1057,TALLASSEE AL EF,Supercenter,2190 GILMER AVENUE,TALLASSEE,AL,36078,Y,,,,1,,9,32.5348568,-85.8922974
1059,FOREST MS,Supercenter,1309 HIGHWAY 35 S,FOREST,MS,39074,Y,,,,1,,9,32.3645888,-89.4742348
1060,MORGANTON NC,Supercenter,G120 MORGANTON HEIGHTS BLVD,MORGANTON,NC,28655,Y,,,,1,,9,35.7454291,-81.6870837
1061,HAZELHURST GA,Supercenter,136 E JARMAN ST,HAZLEHURST,GA,31539,Y,,,,1,,9,31.865077390265,-82.588114365211
1064,LENOIR NC,Supercenter,935 BLOWING ROCK BLVD,LENOIR,NC,28645,Y,,,,1,,9,35.928324474937,-81.52704584658
1065,HOPE AR,Supercenter,2400 N HERVEY ST,HOPE,AR,71801,Y,,,,1,,9,33.683332513735,-93.613262294628
1066,PASCAGOULA MS,Supercenter,4253 DENNY AVE,PASCAGOULA,MS,39581,Y,,,,1,,9,30.377949563534,-88.527388622991
1067,HALLETSVILLE TX,Wal-Mart,1506 N TEXANA ST,HALLETTSVILLE,TX,77964,,,,,0,Y,9,29.4426,-96.9234
1069,NEWTON MS,Supercenter,231 EASTSIDE DR,NEWTON,MS,39345,,,,,0,Y,9,32.3244,-89.184
1070,ELLIJAY GA,Supercenter,88 HIGHLAND XING,EAST ELLIJAY,GA,30540,Y,,,Y,2,,9,34.654340830146,-84.492840819451
1071,WOOD RIVER IL,Supercenter,610 WESLEY DR,WOOD RIVER,IL,62095,Y,,Y,,2,,9,38.869024434274,-90.067453380992
1072,TIFTON GA,Supercenter,1830 US HIGHWAY 82 W,TIFTON,GA,31793,Y,,,,1,,9,31.4549719,-83.5108284
1074,GRENADA MS,Supercenter,1655 SUNSET DR,GRENADA,MS,38901,Y,,,,1,,9,33.785041899803,-89.835641508878
1076,MACON GA,Supercenter,1401 GRAY HWY,MACON,GA,31211,Y,,,,1,,9,32.862378612388,-83.613186626536
1083,JACKSONVILLE FL,Supercenter,6830 NORMANDY BLVD,JACKSONVILLE,FL,32205,Y,,,,1,,9,30.303389592889,-81.758352201987
1084,ORLANDO FL,Wal-Mart,3838 S SEMORAN BLVD,ORLANDO,FL,32822,Y,,,,1,,9,28.505272795974,-81.310439765569
1085,PORT RICHEY FL,Supercenter,8701 US HIGHWAY 19,PORT RICHEY,FL,34668,Y,Y,Y,Y,4,,9,28.283238392749,-82.715800847656
1087,STUART FL,Supercenter,4001 SE FEDERAL HWY,STUART,FL,34997,Y,Y,Y,Y,4,,9,27.153853290676,-80.219362620074
1089,KIMBALL /JASPER TN,Supercenter,525 KIMBALL CROSSING DR,KIMBALL,TN,37347,Y,,,,1,,9,35.0478571,-85.6719138
1091,ANDALUSIA AL,Supercenter,1991 M. L. KING JR.,ANDALUSIA,AL,36420,Y,,,,1,,9,31.3080607,-86.482424
1093,RANTOUL IL,Supercenter,845 BROADMEADOW RD,RANTOUL,IL,61866,Y,,,Y,2,,9,40.30693685847,-88.17711891894
1094,RAYTOWN MO,Supercenter,10300 E HIGHWAY 350,RAYTOWN,MO,64138,Y,,,,1,,9,39.0089226,-94.4622103
1098,PORT LAVACA TX,Supercenter,400 TINEY BROWNING BLVD,PORT LAVACA,TX,77979,,,,,0,Y,9,28.6011,-96.6259
1100,HAMILTON AL,Supercenter,1706 MILITARY ST S,HAMILTON,AL,35570,,Y,,,1,,9,34.1534,-88.0085
1103,HOUSTON (CORNERSTONE) TX,Supercenter,3450 FM 1960 RD W,HOUSTON,TX,77068,,,,,0,Y,9,30.0069,-95.4897
1104,INVERNESS FL,Supercenter,2461 E GULF TO LAKE HWY,INVERNESS,FL,34453,Y,Y,,,2,,9,28.854955527184,-82.392454498401
1106,"VIDALIA, LA",Supercenter,4283 CARTER ST,VIDALIA,LA,71373,,,,,0,Y,9,31.5782,-91.4695
1107,OAKDALE LA,Supercenter,1900 HIGHWAY 165 S,OAKDALE,LA,71463,Y,,,,1,,9,30.8147872,-92.6564081
1110,FARMERVILLE LA,Supercenter,833 STERLINGTON HWY,FARMERVILLE,LA,71241,Y,,,,1,,9,32.771700845676,-92.397391239762
1111,HARTWELL GA,Supercenter,1572 ANDERSON HWY,HARTWELL,GA,30643,Y,,,,1,,9,34.350256197195,-82.901517297273
1112,THOMASTON GA,Supercenter,855 N CHURCH ST,THOMASTON,GA,30286,Y,,,,1,,9,32.877448370317,-84.326934964361
1114,"MOUNTAIN VIEW, AR",Supercenter,409 SYLAMORE AVE,MOUNTAIN VIEW,AR,72560,Y,,,,1,,9,35.87026699901,-92.104032796277
1122,EASTANOLLEE GA,Supercenter,3886 HIGHWAY 17 ALT,EASTANOLLEE,GA,30538,Y,,,Y,2,,9,34.5202677,-83.2554936
1123,SENECA SC,Supercenter,1636 SANDIFER BLVD,SENECA,SC,29678,Y,,,,1,,9,34.684433281557,-83.004188709955
1128,MARKSVILLE LA,Supercenter,7162 HIGHWAY 1,MARKSVILLE,LA,71350,,,,,0,Y,9,31.0615,-92.0543
1130,LAURENS SC,Supercenter,922 E MAIN ST,LAURENS,SC,29360,Y,,,,1,,9,34.492658643777,-81.981078203536
1131,TAYLORSVILLE NC,Supercenter,901 NC HIGHWAY 16 S,TAYLORSVILLE,NC,28681,,,,,0,Y,9,35.901,-81.2124
1132,ASHEBORO NC,Supercenter,1226 E DIXIE DR,ASHEBORO,NC,27203,Y,,,,1,,9,35.696225750904,-79.790395865679
1134,DE FUNIAK SPRINGS FL,Supercenter,1226 FREEPORT HWY S,DEFUNIAK SPRINGS,FL,32435,Y,,,,1,,9,30.7210227,-86.1152184
1136,PORT ALLEN LA,Supercenter,3255 LA HIGHWAY 1 S,PORT ALLEN,LA,70767,Y,,,,1,,9,30.45335,-91.2100569
1137,HOUSTON (UVALDE) TX,Supercenter,13750 EAST FWY,HOUSTON,TX,77015,Y,,,,1,,9,29.770191943372,-95.177406030139
1139,MOREHEAD KY,Supercenter,200 WALMART WAY,MOREHEAD,KY,40351,Y,Y,,Y,3,,9,38.1839705,-83.4326841
1140,"MT.STERLING, KY",Supercenter,499 INDIAN MOUND DR,MOUNT STERLING,KY,40353,Y,,,,1,,9,38.0561079,-83.9431961
1143,SANDERSVILLE GA,Supercenter,1308 S HARRIS ST,SANDERSVILLE,GA,31082,Y,,,,1,,9,32.961697180159,-82.809186082899
1144,YORK SC,Supercenter,970 E LIBERTY ST,YORK,SC,29745,Y,,,Y,2,,9,34.98548662417,-81.213274306615
1147,FLIPPIN AR,Supercenter,168 WALMART DR,FLIPPIN,AR,72634,,,,,0,Y,9,36.2682,-92.578
1152,SIOUX CENTER IA,Supercenter,255 16TH ST SW,SIOUX CENTER,IA,51250,Y,,,,1,,9,43.060686662364,-96.179289719372
1153,MACON GA,Supercenter,6020 HARRISON RD,MACON,GA,31206,Y,,,,1,,9,32.810784164517,-83.722485342545
1155,LUMBERTON NC,Supercenter,5070 FAYETTEVILLE RD,LUMBERTON,NC,28358,Y,,,,1,,9,34.66528085807,-79.001427327887
1157,N VERNON IN,Supercenter,2410 N STATE HWY 3,NORTH VERNON,IN,47265,Y,,,,1,,9,39.020176134428,-85.639976869574
1158,"ADAMSVILLE, AL",Supercenter,2473 HACKWORTH RD,ADAMSVILLE,AL,35214,Y,,Y,,2,,9,33.6009389,-86.9561059
1161,ST CHARLES MO,Supercenter,2897 VETERANS MEMORIAL PKWY,SAINT CHARLES,MO,63303,Y,,,,1,,9,38.783953022299,-90.524951640174
1162,WASHINGTON IN,Supercenter,1801 S STATE ROAD 57,WASHINGTON,IN,47501,Y,,,,1,,9,38.631896903879,-87.180025108575
1163,GRETNA LA,Supercenter,4001 BEHRMAN PL,NEW ORLEANS,LA,70114,Y,,,,1,,9,29.91256805001,-90.017988102406
1166,ELIZABETHTOWN NC,Wal-Mart,1347 W BROAD ST,ELIZABETHTOWN,NC,28337,,,,,0,Y,9,34.6471,-78.5747
1168,COLUMBIA MS,Supercenter,1001 HIGHWAY 98 BYP,COLUMBIA,MS,39429,Y,,,,1,,9,31.242063545434,-89.811512646388
1174,THOMASVILLE AL,Supercenter,34301 HIGHWAY 43,THOMASVILLE,AL,36784,,,,,0,Y,9,31.9067,-87.7598
1183,"WEST COLUMBIA, SC",Supercenter,2401 AUGUSTA RD,WEST COLUMBIA,SC,29169,Y,,,Y,2,,9,33.982177916377,-81.101258881896
1184,"STONE MOUNTAIN, GA",Supercenter,1825 ROCKBRIDGE RD,STONE MOUNTAIN,GA,30087,Y,,,,1,,9,33.826484220922,-84.124638640449
1186,LIBERTY TX,Supercenter,2121 HIGHWAY 146 BYP,LIBERTY,TX,77575,Y,,,,1,,9,30.056632546036,-94.794313845982
1187,IOLA KS,Supercenter,2200 N STATE ST,IOLA,KS,66749,,,,,0,Y,9,37.9245,-95.4
1188,"BRIDGETON, MO",Supercenter,11900 ST CHARLES ROCK RD,BRIDGETON,MO,63044,Y,,,,1,,9,38.745975118024,-90.418556382998
1192,MAGEE MS,Supercenter,1625 SIMPSON HIGHWAY 49,MAGEE,MS,39111,Y,,,,1,,9,31.8724469,-89.7323162
1193,MONROE LA,Supercenter,2701 LOUISVILLE AVE,MONROE,LA,71201,Y,,,,1,,9,32.52446540501,-92.095492176972
1197,ROCKY MOUNT NC,Supercenter,1511 BENVENUE RD,ROCKY MOUNT,NC,27804,,Y,,,1,,9,35.979868542903,-77.808180582565
1198,SAN ANTONIO (N) TX,Supercenter,1515 N LOOP 1604 E,SAN ANTONIO,TX,78232,Y,,,,1,,9,29.4246002,-98.4951405
1200,COLORADO SPRINGS CO,Supercenter,3201 E PLATTE AVE,COLORADO SPRINGS,CO,80909,Y,Y,Y,,3,,9,38.839616396187,-104.769998292854
1201,GARDENDALE AL,Supercenter,890 ODUM RD,GARDENDALE,AL,35071,Y,,Y,,2,,9,33.647693952723,-86.825051918215
1202,WISCONSIN RAPIDS WI,Supercenter,4331 8TH ST S,WISCONSIN RAPIDS,WI,54494,Y,Y,,,2,,9,44.355710828826,-89.816712093885
1211,HARVARD IL,Supercenter,21101 MCGUIRE RD,HARVARD,IL,60033,Y,,,,1,,9,42.407313816669,-88.60875250596
1214,"COLBY, KS",Supercenter,115 W WILLOW ST,COLBY,KS,67701,Y,,,,1,,9,39.365304282957,-101.046836165116
1218,CASA GRANDE AZ,Supercenter,1741 E FLORENCE BLVD,CASA GRANDE,AZ,85122,Y,,,,1,,9,32.879511647332,-111.712575317557
1222,PENSACOLA (N) FL,Supercenter,8970 PENSACOLA BLVD,PENSACOLA,FL,32534,Y,Y,Y,Y,4,,9,30.527435961466,-87.274891620656
1224,PENSACOLA FL,Supercenter,2650 CREIGHTON RD,PENSACOLA,FL,32504,Y,Y,Y,,3,,9,30.495225266395,-87.192560468345
1225,ORANGE PARK FL,Supercenter,899 BLANDING BLVD,ORANGE PARK,FL,32065,Y,,,,1,,9,30.140018563173,-81.770273831748
1226,ASHLAND CITY TN,Supercenter,1626 HIGHWAY 12 S,ASHLAND CITY,TN,37015,Y,,,,1,,9,36.248701159989,-87.031064568392
1227,"AUGUSTA (MARTINEZ), GA",Supercenter,260 BOBBY JONES EXPY,AUGUSTA,GA,30907,Y,,,,1,,9,33.505706954219,-82.090867411854
1229,HOOVER(BIRMINGHAM) AL,Supercenter,2780 JOHN HAWKINS PKWY,HOOVER,AL,35244,Y,,,Y,2,,9,33.363861345267,-86.825546436588
1233,PAINTSVILLE KY,Supercenter,470 N. MAYO TRAIL,PAINTSVILLE,KY,41240,Y,Y,,Y,3,,9,37.81040397358,-82.804103839838
1234,MONTICELLO KY,Supercenter,175 WALMART PLAZA DR,MONTICELLO,KY,42633,,,,,0,Y,9,36.8674,-84.8254
1235,SAN ANTONIO TX,Supercenter,5025 NW LOOP 410,SAN ANTONIO,TX,78229,Y,,,,1,,9,29.487759302555,-98.586324381467
1236,GOLDSBORO NC,Supercenter,1002 N SPENCE AVE,GOLDSBORO,NC,27534,Y,,,,1,,9,35.386103109975,-77.947563789968
1237,DUNN NC,Supercenter,590 E JACKSON BLVD,ERWIN,NC,28339,Y,,,,1,,9,35.323946188386,-78.646394780747
1239,URBANA OH,Supercenter,1840 E US HIGHWAY 36,URBANA,OH,43078,Y,,,,1,,9,40.1083912,-83.7524298
1243,MARTINSVILLE VA,Supercenter,976 COMMONWEALTH BLVD,MARTINSVILLE,VA,24112,Y,,,,1,,9,36.6915262,-79.8725386
1247,HAZARD KY,Supercenter,120 DANIEL BOONE PLZ,HAZARD,KY,41701,Y,,,,1,,9,37.2489635,-83.1933893
1248,MEMPHIS (SE) TN,Supercenter,7525 WINCHESTER RD,MEMPHIS,TN,38125,,Y,,,1,,9,35.050319960211,-89.812621336928
1249,"SAN ANGELO, TX",Supercenter,610 W 29TH ST,SAN ANGELO,TX,76903,Y,,,,1,,9,31.493389835203,-100.444802707897
1250,,,,,,,Y,,,,1,,9,,
1254,BELLMEAD TX,Supercenter,1521 INTERSTATE 35 N,BELLMEAD,TX,76705,Y,,,,1,,9,31.595543203157,-97.109592284637
1255,LAURINBURG NC,Supercenter,901 US HIGHWAY 401 S,LAURINBURG,NC,28352,Y,Y,,,2,,9,34.785931846331,-79.454609580242
1257,STAMFORD TX,Supercenter,2614 N SWENSON STREET,STAMFORD,TX,79553,,,,,0,Y,9,32.9453,-99.7859
1259,CORBIN KY,Supercenter,60 S STEWART RD,CORBIN,KY,40701,Y,,,,1,,9,36.974390286519,-84.103123438301
1260,LUCEDALE MS,Supercenter,11228 OLD 63 S,LUCEDALE,MS,39452,Y,,,,1,,9,30.904116392071,-88.597793756605
1264,"BELLEFONTAINE,OH",Supercenter,2281 US HIGHWAY 68 S,BELLEFONTAINE,OH,43311,Y,Y,,,2,,9,40.392686465653,-83.750655013067
1265,ST LOUIS MO,Supercenter,10741 WEST FLORISSANT AVE,SAINT LOUIS,MO,63136,Y,,,,1,,9,38.767451963387,-90.280551679255
1266,BATON ROUGE LA,Supercenter,2171 ONEAL LN,BATON ROUGE,LA,70816,,,,,0,Y,9,30.4273,-91.0356
1268,WHITEVILLE NC,Supercenter,200 COLUMBUS CORNERS DR,WHITEVILLE,NC,28472,,,,,0,Y,9,34.3241,-78.716
1270,NORTH AUGUSTA SC,Supercenter,1201 KNOX AVE,NORTH AUGUSTA,SC,29841,,Y,,,1,,9,33.502414904142,-81.959231442561
1271,MERIDIAN MS,Supercenter,2400 HIGHWAY 19 N,MERIDIAN,MS,39307,Y,,,,1,,9,32.3643098,-88.703656
1272,SNYDER TX,Supercenter,5110 COLLEGE AVE,SNYDER,TX,79549,,,,,0,Y,9,32.7451,-100.9175
1274,WHITEWATER WI,Supercenter,1362 W MAIN ST,WHITEWATER,WI,53190,,Y,,,1,,9,42.834774513533,-88.758964843584
1277,BLACK RIVER FALLS WI,Supercenter,611 STATE HIGHWAY 54,BLACK RIVER FALLS,WI,54615,Y,,,Y,2,,9,44.294747967412,-90.854853154185
1279,HOUSTON TX,Supercenter,10411 N FREEWAY 45,HOUSTON,TX,77037,Y,,,Y,2,,9,29.7589382,-95.3676974
1282,CONCORDIA KS,Supercenter,140 E COLLEGE DR,CONCORDIA,KS,66901,Y,,,,1,,9,39.552723532008,-97.659643756449
1283,STARKE FL,Supercenter,14500 US HIGHWAY 301 S,STARKE,FL,32091,Y,,,,1,,9,29.921141344314,-82.128125508992
1284,PHENIX CITY AL,Supercenter,3700 US-280,PHENIX CITY,AL,36867,Y,,,,1,,9,32.4709761,-85.0007653
1285,OTTUMWA IA,Supercenter,1940 VENTURE DR,OTTUMWA,IA,52501,Y,Y,,,2,,9,41.0195659,-92.4116886
1288,ROXBORO NC,Supercenter,1049 DURHAM RD STE A,ROXBORO,NC,27573,Y,,,,1,,9,36.378515556623,-78.983604724956
1289,WILMINGTON OH,Supercenter,2825 PROGRESS WAY,WILMINGTON,OH,45177,Y,Y,Y,,3,,9,39.450975327992,-83.781611102229
1290,WILKESBORO NC,Supercenter,1801 US HIGHWAY 421,WILKESBORO,NC,28697,,,,,0,Y,9,36.1359,-81.1573
1293,AUGUSTA GA,Supercenter,3209 DEANS BRIDGE RD,AUGUSTA,GA,30906,Y,,,,1,,9,33.3589,-82.0099
1294,MARION IN,Supercenter,3240 SOUTHWESTERN,MARION,IN,46953,Y,Y,,,2,,9,40.53111991719,-85.673765317311
1295,MADILL OK,Supercenter,1100 S 1ST ST,MADILL,OK,73446,,,,,0,Y,9,34.0784,-96.7597
1297,CHIEFLAND FL,Supercenter,2201 N YOUNG BLVD,CHIEFLAND,FL,32626,Y,,,,1,,9,29.50149528473,-82.870720296555
1306,ALAMOGORDO NM,Supercenter,233 S NEW YORK AVE,ALAMOGORDO,NM,88310,Y,,,,1,,9,32.887799554738,-105.959425640007
1310,TERRE HAUTE (S) IN,Supercenter,5555 S US HIGHWAY 41,TERRE HAUTE,IN,47802,Y,Y,,Y,3,,9,39.399687121456,-87.401565969633
1311,COLUMBUS (N) GA,Supercenter,5448 WHITTLESEY BLVD STE B,COLUMBUS,GA,31909,,Y,,,1,,9,32.543120962386,-84.947839957382
1312,SPRING LAKE NC,Supercenter,670 LILLINGTON HWY,SPRING LAKE,NC,28390,Y,,,,1,,9,35.175822597277,-78.968422669719
1313,SAN ANTONIO (S) TX,Supercenter,1200 SE MILITARY DR,SAN ANTONIO,TX,78214,Y,,,,1,,9,29.35422670717,-98.477896287333
1316,STURGEON BAY WI,Supercenter,1536 EGG HARBOR RD,STURGEON BAY,WI,54235,Y,,,Y,2,,9,44.849288427071,-87.359961229056
1320,KNOXVILLE (SE) TN,Supercenter,7420 CHAPMAN HWY,KNOXVILLE,TN,37920,Y,Y,,,2,,9,35.908422870086,-83.84401552736
1321,"SMITHFIELD, NC",Supercenter,1299 N BRIGHTLEAF BLVD,SMITHFIELD,NC,27577,,,,,0,Y,9,35.5068,-78.3479
1323,PEORIA IL,Wal-Mart,3315 N UNIVERSITY ST,PEORIA,IL,61604,Y,,,,1,,9,40.728458478237,-89.612815654947
1324,NOGALES AZ,Supercenter,100 W WHITE PARK DR,NOGALES,AZ,85621,Y,,,,1,,9,31.362876828565,-110.930798446235
1327,MADISON IN,Supercenter,567 IVY TECH DR,MADISON,IN,47250,Y,Y,,Y,3,,9,38.782081268378,-85.378532389219
1328,WINSLOW AZ,Supercenter,700 MIKES PIKE ST,WINSLOW,AZ,86047,,Y,,,1,,9,35.0241984,-110.6973463
1329,LOGANSPORT IN,Supercenter,240 MALL RD,LOGANSPORT,IN,46947,Y,,,,1,,9,40.762357212004,-86.316785894116
1331,SIDNEY OH,Supercenter,2400 MICHIGAN ST,SIDNEY,OH,45365,Y,,,,1,,9,40.28775754709,-84.192883393907
1333,VAN WERT OH,Supercenter,301 TOWN CENTER BLVD,VAN WERT,OH,45891,Y,,,Y,2,,9,40.8014651,-84.600988
1335,LEXINGTON VA,Supercenter,1233 N LEE HWY,LEXINGTON,VA,24450,Y,,Y,,2,,9,37.803476189368,-79.409519997686
1336,MARION VA,Wal-Mart,1193 N MAIN ST,MARION,VA,24354,Y,,,,1,,9,36.844732807397,-81.500331259579
1337,ELKIN NC,Supercenter,548 CC CAMP RD,ELKIN,NC,28621,Y,,,Y,2,,9,36.277511402665,-80.834750732364
1338,COLUMBUS (S) GA,Supercenter,3515 VICTORY DR,COLUMBUS,GA,31903,Y,,,,1,,9,32.421964712702,-84.946265808927
1340,ATLANTA/DECATUR GA,Supercenter,5401 FAIRINGTON RD,LITHONIA,GA,30038,Y,,,,1,,9,33.701401693951,-84.169879191696
1344,STAUNTON VIRGINIA,Supercenter,1028 RICHMOND AVE,STAUNTON,VA,24401,Y,Y,Y,Y,4,,9,38.137789836592,-79.047018099656
1345,SOUTH BOSTON VA,Supercenter,3471 OLD HALIFAX RD,SOUTH BOSTON,VA,24592,,,,,0,Y,9,36.6963,-78.9188
1351,BECKLEY WV,Supercenter,1330 N EISENHOWER DR,BECKLEY,WV,25801,Y,,,,1,,9,37.792967475594,-81.172757277318
1354,WASHINGTON NC,Supercenter,570 PAMLICO PLZ,WASHINGTON,NC,27889,Y,,,,1,,9,35.5884,-77.1404
1357,SILVER CITY NM,Supercenter,2501 HIGHWAY 180 E,SILVER CITY,NM,88061,Y,,,,1,,9,32.7711825,-108.2764164
1358,WALTERBORO SC,Supercenter,2110 BELLS HWY,WALTERBORO,SC,29488,Y,,,,1,,9,32.932625817748,-80.695338581914
1359,NORTH CHARLESTON SC,Supercenter,7400 RIVERS AVE,NORTH CHARLESTON,SC,29406,,,,,0,Y,9,32.9352,-80.0325
1361,SIOUX CITY IA,Supercenter,3400 SINGING HILLS BLVD,SIOUX CITY,IA,51106,Y,,,,1,,9,42.436047506369,-96.364262244524
1363,MADISON GA,Supercenter,1681 EATONTON RD,MADISON,GA,30650,Y,,,,1,,9,33.565990748245,-83.478202823412
1366,MERRILL WI,Supercenter,505 S PINE RIDGE AVENUE,MERRILL,WI,54452,Y,,,Y,2,,9,45.180522,-89.683459
1372,GARNER/RALEIGH NC,Supercenter,4500 FAYETTEVILLE RD,RALEIGH,NC,27603,,,,,0,Y,9,35.7076,-78.6563
1378,"GOSHEN (S), IN",Supercenter,2304 LINCOLNWAY E,GOSHEN,IN,46526,Y,Y,,,2,,9,41.591584668948,-85.8049364055
1379,GREENVILLE NC,Supercenter,210 GREENVILLE BLVD SW,GREENVILLE,NC,27834,Y,,,,1,,9,35.574465570574,-77.387556673224
1382,GREENWOOD SC,Supercenter,508 NW BYPASS 72,GREENWOOD,SC,29649,Y,,,,1,,9,34.1489805,-82.112882
1384,LA JUNTA CO,Supercenter,6 CONLEY RD,LA JUNTA,CO,81050,,,,,0,Y,9,37.9546,-103.6644
1385,GASTONIA NC,Supercenter,3000 E FRANKLIN BLVD,GASTONIA,NC,28056,Y,,,,1,,9,35.2172,-81.1252
1388,KENDALLVILLE IN,Supercenter,2501 E NORTH ST,KENDALLVILLE,IN,46755,Y,Y,Y,,3,,9,41.444905005351,-85.22500406254
1395,CENTRALIA IL,Supercenter,1212 W MCCORD ST,CENTRALIA,IL,62801,,,,,0,Y,9,38.5241,-89.1365
1403,CORNELIA GA,Supercenter,250 FURNITURE DR,CORNELIA,GA,30531,Y,,,,1,,9,34.5114883,-83.5271166
1405,"BAY CITY, TX",Supercenter,4600 7TH ST,BAY CITY,TX,77414,Y,,,,1,,9,28.985269765165,-95.93596551673
1414,BELEN NM,Supercenter,1 I 25 BYP,BELEN,NM,87002,Y,,,Y,2,,9,34.6627495,-106.7762
1415,SPIRIT LAKE IA,Supercenter,2200 17TH ST,SPIRIT LAKE,IA,51360,,,,,0,Y,9,43.4262,-95.1123
1418,"O`FALLON, IL",Supercenter,1530 WEST HWY 50,O FALLON,IL,62269,Y,,,,1,,9,38.592647984445,-89.953884225393
1422,ALMA MI,Supercenter,7700 N ALGER RD,ALMA,MI,48801,Y,Y,,,2,,9,43.40377118809,-84.66668992781
1424,COLONIAL HEIGHTS VA,Supercenter,671 SOUTHPARK BLVD,COLONIAL HEIGHTS,VA,23834,Y,,Y,,2,,9,37.24645964777,-77.389474661022
1426,ASHLAND KY,Supercenter,351 RIVER HILL DR,ASHLAND,KY,41101,Y,,,,1,,9,38.485502638886,-82.660699933046
1428,MT PLEASANT MI,Supercenter,4730 ENCORE BLVD,MOUNT PLEASANT,MI,48858,Y,,Y,,2,,9,43.572990949278,-84.75766623363
1429,FREMONT OH,Supercenter,2052 N STATE ROUTE 53,FREMONT,OH,43420,Y,,,,1,,9,41.378661380136,-83.117191506531
1430,OSHKOSH WI,Supercenter,351 S WASHBURN ST,OSHKOSH,WI,54904,Y,Y,,Y,3,,9,44.016483619458,-88.58270044204
1432,CADILLAC MI,Supercenter,8917 E 34 RD,CADILLAC,MI,49601,Y,,,,1,,9,44.281507842527,-85.397449159834
1434,COLORADO SPRINGS CO,Supercenter,707 S 8TH ST,COLORADO SPRINGS,CO,80905,Y,Y,,,2,,9,38.824415279378,-104.840061853329
1443,CINCINNATI (SE) OH,Supercenter,4370 EASTGATE SQUARE DR,CINCINNATI,OH,45245,Y,Y,,,2,,9,39.093689498193,-84.269753384293
1445,PORT CLINTON OH,Supercenter,2826 EAST HARBOR RD,PORT CLINTON,OH,43452,Y,,,,1,,9,41.522642083905,-82.86385854043
1446,RICE LAKE WI,Supercenter,2501 WEST AVE,RICE LAKE,WI,54868,Y,,,,1,,9,45.5027926,-91.733423
1447,SUPERIOR WI,Supercenter,3705 TOWER AVE,SUPERIOR,WI,54880,Y,Y,Y,Y,4,,9,46.7207737,-92.1040796
1448,ASHLAND OH,Supercenter,1996 E MAIN ST,ASHLAND,OH,44805,Y,,,,1,,9,40.7887367,-82.2360391
1449,MANITOWOC WI,Supercenter,4115 CALUMET AVE,MANITOWOC,WI,54220,Y,Y,,,2,,9,44.077336034718,-87.698613374001
1450,RIPLEY WV,Supercenter,200 ACADEMY DR,RIPLEY,WV,25271,Y,,Y,,2,,9,38.822435296611,-81.723288790376
1451,BEARDSTOWN IL,Supercenter,100 LINCOLN AVE,BEARDSTOWN,IL,62618,Y,,,,1,,9,40.0167925,-90.4345418
1454,QUINCY IL,Supercenter,5211 BROADWAY ST,QUINCY,IL,62305,Y,,,,1,,9,39.935344984253,-91.333567062094
1459,INDIANAPOLIS(S) IN,Supercenter,7245 US 31 S,INDIANAPOLIS,IN,46227,Y,,,,1,,9,39.658516158887,-86.142929514414
1460,HASTINGS NE,Supercenter,3803 OSBORNE DR W,HASTINGS,NE,68901,Y,,,,1,,9,40.623061442621,-98.383236505511
1461,ROCK SPRINGS WY,Supercenter,201 GATEWAY BLVD,ROCK SPRINGS,WY,82901,Y,,,,1,,9,41.581995440705,-109.249390904387
1462,GREENVILLE AL,Supercenter,501 WILLOW LN,GREENVILLE,AL,36037,Y,,,,1,,9,31.848337048177,-86.64754149045
1465,DANVILLE VA,Supercenter,515 MOUNT CROSS RD,DANVILLE,VA,24540,Y,Y,,,2,,9,36.597102372317,-79.428939084771
1467,JAMESTOWN TN,Supercenter,539 E CENTRAL AVE,JAMESTOWN,TN,38556,,,,,0,Y,9,36.4245,-84.9357
1469,CHATTANOOGA (CENTRAL) TN,Supercenter,2020 GUNBARREL RD STE 250,CHATTANOOGA,TN,37421,Y,,Y,,2,,9,35.031325040147,-85.154865376743
1471,NEW LONDON WI,Wal-Mart,1717 N SHAWANO ST,NEW LONDON,WI,54961,Y,,,,1,,9,44.410847888087,-88.741681815412
1473,MANKATO MN,Supercenter,1881 E MADISON AVE,MANKATO,MN,56001,Y,,,Y,2,,9,44.166826638244,-93.949897621921
1474,YUMA AZ,Supercenter,2900 S PACIFIC AVE,YUMA,AZ,85365,,,,,0,Y,9,32.7093,-114.4905
1475,WASHINGTON IA,Supercenter,2485 HIGHWAY 92,WASHINGTON,IA,52353,Y,,,,1,,9,41.294518083769,-91.651915828317
1481,"HOMEWOOD, AL",Supercenter,209 LAKESHORE PKWY,HOMEWOOD,AL,35209,,,,,0,Y,9,33.4653,-86.8082
1484,,,,,,,Y,,,,1,,9,33.2862455,-96.5722411
1486,FARMVILLE VA,Supercenter,1800 PEERY DR,FARMVILLE,VA,23901,Y,,,,1,,9,37.278027588858,-78.39829811351
1490,ROCKFORD IL,Supercenter,7219 WALTON ST,ROCKFORD,IL,61108,Y,,,,1,,9,42.268075411639,-88.974826784984
1493,MONROEVILLE AL,Supercenter,3371 S ALABAMA AVE,MONROEVILLE,AL,36460,Y,,,,1,,9,31.48252850898,-87.330440670232
1494,CORPUS CHRISTI TX,Supercenter,4109 S STAPLES ST,CORPUS CHRISTI,TX,78411,Y,,,,1,,9,27.728582667773,-97.380665069319
1497,RICHTON PARK IL,Supercenter,22401 CENTRAL AVE,RICHTON PARK,IL,60471,Y,,,,1,,9,41.480368956895,-87.751455424311
1502,ROANOKE RAPIDS NC,Supercenter,251 PREMIER BLVD,ROANOKE RAPIDS,NC,27870,,Y,,,1,,9,36.4282266357,-77.631724023277
1505,PIKEVILLE KY,Supercenter,254 CASSIDY BLVD,PIKEVILLE,KY,41501,,,,,0,Y,9,37.5161,-82.5173
1506,MANCHESTER IA,Supercenter,1220 W MAIN ST,MANCHESTER,IA,52057,Y,,,,1,,9,42.483795502739,-91.477294116233
1508,SHERIDAN WY,Supercenter,1695 COFFEEN AVE,SHERIDAN,WY,82801,Y,,,,1,,9,44.778683547023,-106.942430508375
1511,MIRAMAR FL,Supercenter,1800 SOUTH UNIVERSITY DRIVE,MIRAMAR,FL,33025,,,,,0,Y,9,25.9921,-80.2712
1515,"GERMANTOWN, WI",Supercenter,W190N9855 APPLETON AVE,GERMANTOWN,WI,53022,Y,,,,1,,9,43.198774043804,-88.146755268842
1516,BORGER TX,Supercenter,1501 ROOSEVELT,BORGER,TX,79007,Y,,,,1,,9,35.6689767,-101.3919481
1518,INDIANAPOLIS IN,Supercenter,3221 W 86TH ST,INDIANAPOLIS,IN,46268,Y,,,,1,,9,39.911713388156,-86.21556784663
1520,ABERDEEN SD,Supercenter,3820 7TH AVE SE,ABERDEEN,SD,57401,Y,Y,,,2,,9,45.458241860865,-98.437488696175
1521,"CINCINNATI,OH",Supercenter,8451 COLERAIN AVE,CINCINNATI,OH,45239,Y,,,,1,,9,39.224598513785,-84.587827847397
1522,ELKINS WV,Supercenter,40 JETT LN,ELKINS,WV,26241,Y,,,,1,,9,38.925927,-79.8466552
1525,MECHANICSVILLE VA,Supercenter,7430 BELL CREEK RD,MECHANICSVILLE,VA,23111,Y,,,,1,,9,37.612536132469,-77.353694933894
1530,CLEVELAND MS,Supercenter,710 N DAVIS AVE,CLEVELAND,MS,38732,Y,,,,1,,9,33.756115437346,-90.715654603645
1533,PEORIA AZ,Supercenter,7975 W PEORIA AVE,PEORIA,AZ,85345,,,,,0,Y,9,33.5761,-112.2344
1534,BISMARCK ND,Supercenter,2717 ROCK ISLAND PL,BISMARCK,ND,58504,Y,,,,1,,9,46.793482044833,-100.751553903514
1535,SIOUX FALLS SD,Supercenter,3209 S LOUISE AVE,SIOUX FALLS,SD,57106,Y,Y,,,2,,9,43.516899946053,-96.771179986145
1538,BROOKINGS SD,Supercenter,2233 6TH ST.,BROOKINGS,SD,57006,Y,,,,1,,9,44.311414647513,-96.767902630645
1540,SOUTH HAVEN MI,Supercenter,201 73RD ST,SOUTH HAVEN,MI,49090,Y,,,,1,,9,42.410822969142,-86.25161148635
1543,SPEARFISH SD,Supercenter,2825 1ST AVE,SPEARFISH,SD,57783,Y,,,,1,,9,44.480409038357,-103.810200311872
1544,CLARKSBURG WV,Supercenter,550 EMILY DR,CLARKSBURG,WV,26301,Y,,,Y,2,,9,39.266268470286,-80.286904551564
1545,"GRAND FORKS, ND",Supercenter,2551 32ND AVE S,GRAND FORKS,ND,58201,Y,,,,1,,9,47.889393605082,-97.063835729714
1546,IOWA FALLS IA,Wal-Mart,840 S OAK ST,IOWA FALLS,IA,50126,Y,,,,1,,9,42.504403036793,-93.262306544906
1547,LAFAYETTE IN,Supercenter,4205 COMMERCE DR,LAFAYETTE,IN,47905,Y,Y,Y,,3,,9,40.415507488305,-86.827931131494
1548,WATSEKA IL,Supercenter,1790 E WALNUT ST,WATSEKA,IL,60970,,,,,0,Y,9,40.7734,-87.7309
1549,PHOENIX (W) AZ,Supercenter,2020 N 75TH AVE,PHOENIX,AZ,85035,Y,,,,1,,9,33.469656646553,-112.220743253594
1550,GUNNISON CO,Wal-Mart,900 N MAIN ST,GUNNISON,CO,81230,,,,,0,Y,9,38.5511,-106.931
1554,STOCKTON CA,Supercenter,3223 E HAMMER LN,STOCKTON,CA,95212,Y,,,,1,,9,38.02115099489,-121.274657345169
1555,EL CENTRO CA,Supercenter,2150 N WATERMAN AVE,EL CENTRO,CA,92243,Y,,,Y,2,,9,32.81289308905,-115.574283367374
1557,FISHERS IN,Supercenter,8300 E 96TH ST,FISHERS,IN,46037,Y,Y,Y,,3,,9,39.927279146187,-86.023995773237
1561,"MEMPHIS (AUSTIN P), TN",Supercenter,3950 AUSTIN PEAY HWY,MEMPHIS,TN,38128,Y,,,,1,,9,35.23152897242,-89.898759978755
1563,LANCASTER CA,Supercenter,44665 VALLEY CENTRAL WAY,LANCASTER,CA,93536,Y,Y,Y,,3,,9,34.693429989772,-118.171600289663
1564,NEW BOSTON OH,Supercenter,4490 GALLIA ST,NEW BOSTON,OH,45662,Y,Y,,,2,,9,38.758698508979,-82.895257898824
1565,WILLISTON ND,Supercenter,4001 2ND AVE W,WILLISTON,ND,58801,Y,,,Y,2,,9,48.17960588415,-103.626110596251
1567,DICKINSON ND,Supercenter,2456 3RD AVE W,DICKINSON,ND,58601,Y,,,,1,,9,46.908250007753,-102.789642252922
1568,HERMITAGE PA,Supercenter,1275 N HERMITAGE RD,HERMITAGE,PA,16148,Y,,,,1,,9,41.2326,-80.453
1569,MAYSVILLE KY,Supercenter,240 WAL MART WAY,MAYSVILLE,KY,41056,Y,,,,1,,9,38.620497731316,-83.785316525408
1570,AUBURN IN,Supercenter,505 TOURING DR,AUBURN,IN,46706,Y,,Y,,2,,9,41.363775163335,-85.078688508114
1571,MUKWONAGO WI,Supercenter,250 WOLF RUN,MUKWONAGO,WI,53149,Y,Y,,,2,,9,42.847007679142,-88.321178090899
1573,PRICE UT,Supercenter,255 S HIGHWAY 55,PRICE,UT,84501,Y,,,,1,,9,39.595293168044,-110.790663705861
1574,BAKERSFIELD (S) CA,Supercenter,6225 COLONY ST,BAKERSFIELD,CA,93307,Y,,,,1,,9,35.296325873098,-119.027345648615
1575,OROVILLE CA,Supercenter,465 CAL OAK RD,OROVILLE,CA,95965,Y,,,,1,,9,39.492545126849,-121.570549261225
1579,OXFORD NC,Supercenter,1015 LEWIS ST,OXFORD,NC,27565,Y,,,,1,,9,36.280654370353,-78.606813932437
1580,INDIANAPOLIS (E) IN,Supercenter,10617 E WASHINGTON ST,INDIANAPOLIS,IN,46229,Y,,,,1,,9,39.775406871083,-85.978192628223
1581,FARGO ND,Supercenter,4731 13TH AVE S,FARGO,ND,58103,Y,Y,Y,Y,4,,9,46.861998006636,-96.865255247781
1583,MADERA CA,Wal-Mart,1977 W CLEVELAND AVE,MADERA,CA,93637,Y,Y,Y,,3,,9,36.97466225609,-120.080520736513
1584,LAS VEGAS (SW) NV,Supercenter,3615 S RAINBOW BLVD,LAS VEGAS,NV,89103,Y,,,,1,,9,36.12313848671,-115.243115685487
1585,NORTH PLATTE NE,Supercenter,1401 S DEWEY ST,NORTH PLATTE,NE,69101,Y,,,,1,,9,41.121581936672,-100.762857071241
1586,AUSTELL GA,Supercenter,1133 E W CONNECTOR,AUSTELL,GA,30106,Y,,,,1,,9,33.8126059,-84.6343783
1588,VICTORVILLE CA,Supercenter,11896 AMARGOSA RD,VICTORVILLE,CA,92392,Y,,,,1,,9,34.5361067,-117.2911565
1592,BAD AXE MI,Supercenter,901 N VAN DYKE RD,BAD AXE,MI,48413,Y,,,,1,,9,43.818268500658,-83.00103333805
1593,COLDWATER MI,Supercenter,800 E CHICAGO ST,COLDWATER,MI,49036,Y,,,,1,,9,41.935549771309,-84.969971266814
1594,HEATH OH,Supercenter,911 HEBRON RD,HEATH,OH,43056,Y,,Y,,2,,9,40.024087949117,-82.447843857955
1600,RIDGECREST CA,Supercenter,201 E BOWMAN RD,RIDGECREST,CA,93555,Y,,,Y,2,,9,35.607833475285,-117.670165835594
1604,RAPID CITY SD,Supercenter,1200 N LACROSSE ST,RAPID CITY,SD,57701,Y,,Y,,2,,9,44.096921615741,-103.201612560503
1607,LEWISTOWN PA,Supercenter,10180 US HIGHWAY 522 S,LEWISTOWN,PA,17044,Y,,,Y,2,,9,40.5992395,-77.571382
1608,RED BLUFF CA,Supercenter,608 LUTHER ROAD,RED BLUFF,CA,96080,Y,,,,1,,9,40.160935583091,-122.23337298192
1609,GRAND RAPIDS MN,Supercenter,100 SE 29TH ST,GRAND RAPIDS,MN,55744,Y,,,,1,,9,47.20294541759,-93.524636009796
1611,FORT GRATIOT MI,Supercenter,4845 24TH AVE,FORT GRATIOT,MI,48059,Y,,Y,,2,,9,43.049117208089,-82.457409306036
1612,TUCSON (S) AZ,Supercenter,1650 W VALENCIA RD,TUCSON,AZ,85746,Y,,,,1,,9,32.133860214084,-111.000017337148
1613,HIGH POINT NC,Supercenter,2628 S MAIN ST,HIGH POINT,NC,27263,Y,Y,Y,,3,,9,35.927402138135,-79.987021616815
1616,SUSANVILLE CA,Wal-Mart,2900 MAIN ST,SUSANVILLE,CA,96130,Y,,,Y,2,,9,40.410581846125,-120.636389641102
1617,CASPER WY,Supercenter,4400 E 2ND ST,CASPER,WY,82609,Y,,,,1,,9,42.849050568854,-106.267010537649
1618,MERRILLVILLE IN,Supercenter,2936 E 79TH AVE,MERRILLVILLE,IN,46410,Y,,,,1,,9,41.4744549022,-87.299225335898
1620,"BREWTON, AL",Supercenter,2578 DOUGLAS AVE,BREWTON,AL,36426,Y,,,,1,,9,31.147253276462,-87.067167410698
1622,"TIFFIN, OH",Supercenter,2801 W STATE ROUTE 18,TIFFIN,OH,44883,Y,Y,Y,,3,,9,41.114485,-83.1779537
1623,WILKES-BARRE PA,Supercenter,2150 WILKES BARRE TWNSP MKTPL,WILKES BARRE,PA,18702,Y,,,Y,2,,9,41.2464824,-75.8817316
1624,BAKERSFIELD (NE) CA,Supercenter,2601 FASHION PLACE,BAKERSFIELD,CA,93306,Y,,,,1,,9,35.390474313053,-118.961463515901
1627,"DILWORTH, MN",Supercenter,415 34TH ST N,DILWORTH,MN,56529,Y,Y,,,2,,9,46.880243277179,-96.725367452041
1629,BRAZIL IN,Wal-Mart,2150 E NATIONAL AVE,BRAZIL,IN,47834,,,,,0,Y,9,39.521,-87.1278
1630,YREKA CA,Supercenter,1906 FORT JONES RD,YREKA,CA,96097,Y,,Y,,2,,9,41.700045680773,-122.646763295917
1631,"HAMPTON, VA",Supercenter,1900 CUNNINGHAM DR,HAMPTON,VA,23666,Y,,,,1,,9,37.042094640245,-76.380686301736
1632,ALEXANDRIA MN,Supercenter,4611 STATE HIGHWAY 29 S,ALEXANDRIA,MN,56308,Y,,,Y,2,,9,45.8835101,-95.3745015
1634,LITTLE FALLS MN,Supercenter,15091 18TH ST NE,LITTLE FALLS,MN,56345,Y,,,,1,,9,45.982667200955,-94.334511492254
1636,MINOT ND,Supercenter,3900 S BROADWAY,MINOT,ND,58701,Y,,,,1,,9,48.195103842575,-101.296172470861
1638,EUFAULA AL,Supercenter,3176 S EUFAULA AVE,EUFAULA,AL,36027,Y,,,,1,,9,31.848112893789,-85.167511871436
1639,ROCHESTER IN,Supercenter,2395 MAIN ST,ROCHESTER,IN,46975,,,,,0,Y,9,41.0655,-86.231
1641,WILLIAMSTON NC,Supercenter,1529 WASHINGTON ST,WILLIAMSTON,NC,27892,,Y,,,1,,9,35.83477681915,-77.066308577559
1644,LEWISBURG PA,Supercenter,120 AJK BLVD,LEWISBURG,PA,17837,,,,,0,Y,9,40.9702,-76.9099
1649,JAMESTOWN ND,Supercenter,921 25TH ST SW,JAMESTOWN,ND,58401,Y,,,,1,,9,46.881969036332,-98.722112765618
1652,"DUBLIN, VA",Supercenter,5225 ALEXANDER RD,DUBLIN,VA,24084,Y,,,,1,,9,37.082864741987,-80.706023781615
1653,WESTON WV,Supercenter,110 BERLIN RD,WESTON,WV,26452,Y,,,,1,,9,39.0411,-80.4737
1654,BAXTER MN,Supercenter,7295 GLORY RD,BAXTER,MN,56425,Y,,,Y,2,,9,46.3433005,-94.286666
1656,MEADVILLE PA,Supercenter,16086 CONNEAUT LAKE RD,MEADVILLE,PA,16335,Y,,,Y,2,,9,41.620496234219,-80.213780458439
1658,THOMSON GA,Supercenter,2205 HARRISON RD SE,THOMSON,GA,30824,Y,,,,1,,9,33.482233638597,-82.500152905933
1661,KINSTON NC,Supercenter,4101 W VERNON AVE,KINSTON,NC,28504,Y,,,,1,,9,35.2626635,-77.5816353
1662,STATESVILLE NC,Supercenter,1116 CROSSROADS DR,STATESVILLE,NC,28625,Y,Y,,,2,,9,35.810611915592,-80.870442235849
1663,"WAYNESVILLE, NC",Supercenter,135 TOWN CENTER LOOP,WAYNESVILLE,NC,28786,Y,,,,1,,9,35.4887476,-82.9888725
1666,CHARLOTTE (E) NC,Supercenter,3850 E INDEPENDENCE BLVD,CHARLOTTE,NC,28205,Y,Y,,,2,,9,35.200965327936,-80.776820586883
1667,WABASH IN,Supercenter,1601 NO. CASS ST,WABASH,IN,46992,Y,,,,1,,9,40.8065352,-85.7833563
1669,"EAU CLAIRE, WI",Supercenter,3915 GATEWAY DR,EAU CLAIRE,WI,54701,Y,Y,,,2,,9,44.775950179806,-91.431631658536
1675,LEBANON KY,Supercenter,2136 CAMPBELLSVILLE RD,LEBANON,KY,40033,,,,,0,Y,9,37.5658,-85.2668
1682,CHESAPEAKE VA,Supercenter,2448 CHESAPEAKE SQUARE RING RD,CHESAPEAKE,VA,23321,Y,Y,Y,,3,,9,36.829540795805,-76.413681704051
1684,EVERETT PA,Wal-Mart,72 BEDFORD SQ,EVERETT,PA,15537,Y,,,,1,,9,40.0114711,-78.3733484
1692,COLTON CA,Supercenter,1120 S MOUNT VERNON AVE,COLTON,CA,92324,,Y,,,1,,9,34.050509864551,-117.309117203305
1693,REDLANDS CA,Wal-Mart,2050 W REDLANDS BLVD,REDLANDS,CA,92373,Y,Y,,,2,,9,34.063106755608,-117.224039158925
1694,MARION NC,Supercenter,2875 SUGAR HILL RD,MARION,NC,28752,Y,,,,1,,9,35.648721476232,-82.03330358192
1695,DEVILS LAKE ND,Supercenter,1424 HWY 2 E,DEVILS LAKE,ND,58301,Y,,,,1,,9,48.112779,-98.86512
1696,FERGUS FALLS MN,Supercenter,3300 STATE HIGHWAY 210 W,FERGUS FALLS,MN,56537,Y,,,,1,,9,46.289641328141,-96.124853161575
1702,MELBOURNE (N) FL,Supercenter,1000 N WICKHAM RD,MELBOURNE,FL,32935,Y,,,,1,,9,28.123018600818,-80.671645020196
1705,SENECA FALLS NY,Supercenter,1860 N ROAD,WATERLOO,NY,13165,Y,,,Y,2,,9,42.9046933,-76.8627887
1707,"EAST LIVERPOOL, OH",Supercenter,16280 DRESDEN AVE,EAST LIVERPOOL,OH,43920,Y,,,,1,,9,40.662825155421,-80.5893194531
1709,ANGOLA IN,Supercenter,2016 N WAYNE ST,ANGOLA,IN,46703,Y,Y,,,2,,9,41.66037857325,-84.999492838202
1711,IRONDALE AL,Supercenter,1600 MONTCLAIR RD,BIRMINGHAM,AL,35210,Y,,,Y,2,,9,33.525706499386,-86.721574648336
1714,FAIRMONT WV,Supercenter,32 TYGART MALL LOOP,FAIRMONT,WV,26554,Y,Y,Y,,3,,9,39.484898,-80.1426539
1717,WALDORF MD,Wal-Mart,11930 ACTON LN,WALDORF,MD,20601,Y,,,,1,,9,38.638258620345,-76.896771094654
1719,BIG RAPIDS MI,Supercenter,21400 PERRY AVE,BIG RAPIDS,MI,49307,Y,,,,1,,9,43.68864139538,-85.509916827996
1720,SNELLVILLE GA,Supercenter,1550 SCENIC HWY N,SNELLVILLE,GA,30078,Y,,,,1,,9,33.887370880067,-84.009403099559
1725,,,,,,,Y,,,,1,,9,40.3093488,-112.0119825
1727,BERLIN WI,Supercenter,861 COUNTY ROAD F,BERLIN,WI,54923,Y,,,,1,,9,43.9684264,-88.9466233
1728,ANDERSON IN,Supercenter,2321 CHARLES ST,ANDERSON,IN,46013,Y,,,,1,,9,40.066251522981,-85.64861149893
1731,GENEVA NY,Supercenter,990 STATE ROUTE 5 AND 20,GENEVA,NY,14456,Y,Y,,,2,,9,42.858516880011,-77.026268523237
1732,DENISON IA,Supercenter,510 AVENUE C,DENISON,IA,51442,,,,,0,Y,9,42.0196,-95.3636
1733,OWOSSO MI,Supercenter,1621 E M 21,OWOSSO,MI,48867,Y,,,,1,,9,42.997949011663,-84.13794816665
1736,DOVER DE,Supercenter,36 JEROME DR,DOVER,DE,19901,Y,,,,1,,9,39.21758963396,-75.572060109594
1740,FREEPORT IL,Supercenter,2545 IL ROUTE 26 S,FREEPORT,IL,61032,Y,,,,1,,9,42.26184393354,-89.631129976328
1745,RICHMOND IN,Supercenter,3601 E MAIN ST,RICHMOND,IN,47374,Y,,,,1,,9,39.83092642641,-84.852898753977
1750,MARION OH,Supercenter,1546 MARION-MT. GILEAD ROAD,MARION,OH,43302,Y,,,,1,,9,40.581162279683,-83.086840968084
1752,BAY CITY MI,Supercenter,3921 WILDER RD,BAY CITY,MI,48706,Y,Y,,,2,,9,43.623826641981,-83.898575950843
1754,HOWELL MI,Supercenter,3850 E GRAND RIVER AVE,HOWELL,MI,48843,Y,Y,,,2,,9,42.630484300594,-83.99088697175
1757,HERMANTOWN MN,Supercenter,4740 MALL DR,HERMANTOWN,MN,55811,Y,,,,1,,9,46.8068852,-92.2382464
1758,NEW CASTLE IN,Supercenter,3167 S STATE ROAD 3,NEW CASTLE,IN,47362,Y,,,,1,,9,39.881596685791,-85.386174810197
1759,GLOUCESTER VA,Supercenter,6819 WALTON LN,GLOUCESTER,VA,23061,Y,,,,1,,9,37.401231123414,-76.526372138119
1762,SEABROOK NH,Supercenter,700 LAFAYETTE RD,SEABROOK,NH,03874,Y,Y,,,2,,9,42.89353684349,-70.872521736975
1763,BLUEFIELD VA,Supercenter,4001 COLLEGE AVE,BLUEFIELD,VA,24605,Y,,,,1,,9,37.24061670483,-81.253907226526
1765,SOMERSET PA,Supercenter,2028 N CENTER AVE,SOMERSET,PA,15501,Y,,,,1,,9,40.052176889336,-79.074635747174
1767,SHALLOTTE NC,Supercenter,4540 MAIN ST. B 3079,SHALLOTTE,NC,28470,Y,,,,1,,9,33.980473067359,-78.375011088967
1769,DU BOIS PA,Supercenter,20 INDUSTRIAL DR,DU BOIS,PA,15801,Y,,,,1,,9,41.131139885409,-78.736354708195
1770,"EVANS CTY(CRANBERRY), PA",Supercenter,20245 ROUTE 19,CRANBERRY TOWNSHIP,PA,16066,Y,Y,Y,,3,,9,40.688060233572,-80.102245296622
1773,"NEWPORT NEWS, VA",Supercenter,12401 JEFFERSON AVE,NEWPORT NEWS,VA,23602,Y,,,,1,,9,37.119169004683,-76.505020208002
1777,READING PA,Supercenter,5900 PERKIOMEN AVE,READING,PA,19606,Y,Y,Y,,3,,9,40.296292736789,-75.839859173002
1778,CODY WY,Supercenter,321 YELLOWSTONE AVE,CODY,WY,82414,Y,,,,1,,9,44.516021121173,-109.093270567203
1781,"CORTLAND, NY",Supercenter,819 BENNIE RD,CORTLAND,NY,13045,Y,,,Y,2,,9,42.56485659816,-76.221760007996
1782,VIENNA WV,Supercenter,701 GRAND CENTRAL AVE,VIENNA,WV,26105,Y,Y,Y,,3,,9,39.303442878542,-81.549595696679
1783,PRINCETON IN,Supercenter,2700 W BROADWAY ST,PRINCETON,IN,47670,Y,,,,1,,9,38.355439,-87.5678034
1784,SALEM OR,Supercenter,3025 LANCASTER DR NE,SALEM,OR,97305,Y,Y,,,2,,9,44.964565448991,-122.983608629257
1787,CARROLL IA,Supercenter,2014 KITTYHAWK RD,CARROLL,IA,51401,Y,,,,1,,9,42.0193628,-94.860335
1790,"MONROE, MI",Supercenter,2150 N TELEGRAPH RD,MONROE,MI,48162,Y,,,,1,,9,41.951716537124,-83.398693430058
1791,FREMONT MI,Supercenter,7083 W 48TH ST,FREMONT,MI,49412,Y,,,,1,,9,43.46726808085,-85.977024025783
1793,WOODBURN OR,Supercenter,3002 STACEY ALLISON WAY,WOODBURN,OR,97071,Y,,,,1,,9,45.148878281464,-122.877671537999
1794,BLOOMSBURG PA,Supercenter,100 LUNGER DR,BLOOMSBURG,PA,17815,Y,,,,1,,9,41.014127534516,-76.482073712316
1797,THOMASTON ME,Supercenter,55 THOMASTON COMMONS WAY,THOMASTON,ME,04861,Y,,,,1,,9,44.0789631,-69.1831887
1798,CARO MI,Supercenter,1121 E CARO RD,CARO,MI,48723,Y,,,,1,,9,43.499329716259,-83.382774500816
1799,PORTAGE WI,Supercenter,2950 NEW PINERY RD,PORTAGE,WI,53901,Y,,,,1,,9,43.572868056894,-89.469744726894
1800,GARLAND TX,Supercenter,1801 MARKETPLACE DR,GARLAND,TX,75041,Y,,,,1,,9,32.862553384524,-96.653481320358
1805,LAQUINTA CA,Supercenter,79295 US HWY 111,LA QUINTA,CA,92253,Y,,,,1,,9,33.707309691787,-116.279984439088
1809,JONESVILLE MI,Supercenter,701 OLDS ST,JONESVILLE,MI,49250,Y,,,Y,2,,9,41.965730555218,-84.670209303403
1812,WOOSTER OH,Supercenter,3883 BURBANK RD,WOOSTER,OH,44691,Y,,,Y,2,,9,40.846802809661,-81.94458046718
1813,"VILLAGE OF NEWARK, NY",Supercenter,6788 STATE ROUTE 31 E,NEWARK,NY,14513,Y,Y,,Y,3,,9,43.054935379952,-77.056159174099
1819,MENOMONIE WI,Supercenter,180 CEDAR FALLS RD,MENOMONIE,WI,54751,Y,,,,1,,9,44.911758495954,-91.931494047615
1820,KITTANNING PA,Supercenter,1 HILLTOP PLZ,KITTANNING,PA,16201,Y,,,,1,,9,40.813233644797,-79.543937091982
1828,"PLOVER, WI",Supercenter,250 CROSSROADS DR,PLOVER,WI,54467,Y,,,,1,,9,44.493504960633,-89.513162440358
1829,MARION SC,Supercenter,305 COMMERCE DR,MARION,SC,29574,,,,,0,Y,9,34.2044,-79.2542
1834,GRANTS PASS OR,Supercenter,135 NE TERRY LN,GRANTS PASS,OR,97526,Y,,,Y,2,,9,42.435242122197,-123.302796380529
1835,"VESTAL, NY",Supercenter,2405 VESTAL PKWY E,VESTAL,NY,13850,Y,,,,1,,9,42.094309084905,-76.013834507239
1841,"CHESAPEAKE, VA",Supercenter,1521 SAMS CIR,CHESAPEAKE,VA,23320,Y,,,,1,,9,36.771939148665,-76.251611253647
1847,OCALA FL,Supercenter,4980 E SILVER SPRINGS BLVD,OCALA,FL,34470,Y,,,,1,,9,29.1871986,-82.1400923
1849,WINSTON-SALEM NC,Supercenter,320 E HANES MILL RD,WINSTON SALEM,NC,27105,,Y,,,1,,9,36.189822949478,-80.274224985299
1850,"CHAMBERSBURG, PA",Supercenter,1730 LINCOLN WAY E,CHAMBERSBURG,PA,17202,Y,Y,Y,,3,,9,39.92353703103,-77.607417572084
1851,"NORTH LAUDERDALE, FL",Supercenter,7900 W MCNAB RD,NORTH LAUDERDALE,FL,33068,Y,,,,1,,9,26.217305,-80.2258811
1853,HEMET CA,Supercenter,1231 S SANDERSON AVE,HEMET,CA,92545,Y,,,,1,,9,33.726739740341,-117.006703380498
1858,"MONTEVIDEO, MN",Supercenter,3001 E HIGHWAY 7,MONTEVIDEO,MN,56265,Y,,,,1,,9,44.942523,-95.723559
1862,"RIALTO, CA",Supercenter,1366 S RIVERSIDE AVE,RIALTO,CA,92376,,Y,,,1,,9,34.076283586483,-117.370384633299
1868,"AUBURN, ME",Supercenter,100 MOUNT AUBURN AVE,AUBURN,ME,04210,,Y,Y,,2,,9,44.121220952626,-70.238079339017
1871,"WATERTOWN, NY",Supercenter,20823 STATE ROUTE 3,WATERTOWN,NY,13601,Y,Y,,,2,,9,43.974147298506,-75.958987898278
1877,"PORTERVILLE, CA",Wal-Mart,1250 W HENDERSON AVE,PORTERVILLE,CA,93257,Y,,,,1,,9,36.08051226927,-119.045170918395
1879,"BARSTOW, CA",Supercenter,301 MONTARA RD,BARSTOW,CA,92311,Y,,,,1,,9,34.88485671344,-116.993697874814
1880,"COOS BAY, OR",Supercenter,2051 NEWMARK AVE,COOS BAY,OR,97420,Y,,,Y,2,,9,43.3914450041,-124.251219411389
1883,"MONACA, PA",Supercenter,3942 BRODHEAD RD,MONACA,PA,15061,Y,,,,1,,9,40.680689035884,-80.302884385478
1884,"DICKSON CITY, PA",Supercenter,900 COMMERCE BLVD,DICKSON CITY,PA,18519,Y,Y,Y,,3,,9,41.463712313402,-75.641259193861
1885,"BUTLER, PA",Supercenter,400 BUTLER CMNS,BUTLER,PA,16001,Y,,,,1,,9,40.876222551344,-79.943039048813
1887,"MONTOURSVILLE, PA",Wal-Mart,1015 N LOYALSOCK AVE,MONTOURSVILLE,PA,17754,Y,Y,Y,Y,4,,9,41.260967425014,-76.915868144933
1889,"ISLAND CITY, OR",Supercenter,11619 ISLAND AVE,ISLAND CITY,OR,97850,Y,Y,,,2,,9,45.336897942032,-118.06057417491
1890,"SALISBURY, MD",Supercenter,2702 N SALISBURY BLVD,SALISBURY,MD,21801,Y,,,,1,,9,38.415158228695,-75.566823603763
1901,"BUTTE, MT",Supercenter,3901 HARRISON AVE,BUTTE,MT,59701,Y,,,,1,,9,45.963996188272,-112.508131801417
1907,"HINSDALE, NH",Supercenter,724 BRATTLEBORO RD,HINSDALE,NH,03451,Y,,,Y,2,,9,42.811542831352,-72.533252947571
1914,"SAN BERNARDINO, CA",Supercenter,4210 HIGHLAND AVE,HIGHLAND,CA,92346,Y,,,,1,,9,34.135816896923,-117.195346836565
1915,"YUCCA VALLEY, CA",Supercenter,58501 29 PALMS HWY,YUCCA VALLEY,CA,92284,Y,,,,1,,9,34.133513032012,-116.386655713388
1919,LINCOLN. ME,Wal-Mart,250 W BROADWAY,LINCOLN,ME,04457,Y,,,,1,,9,45.3568445007,-68.526073895858
1922,"RANCHO CUCAMONGA, CA",Wal-Mart,12549 FOOTHILL BLVD,RANCHO CUCAMONGA,CA,91739,,Y,,,1,,9,34.106261548149,-117.530593035046
1924,"PRESQUE ISLE, ME",Supercenter,781 MAIN ST,PRESQUE ISLE,ME,04769,Y,Y,Y,,3,,9,46.69663948878,-68.01182245866
1926,"OSWEGO, NY",Supercenter,341 STATE ROUTE 104,OSWEGO,NY,13126,Y,Y,,,2,,9,43.462933801024,-76.471579625835
1928,"FLINT, MI",Supercenter,4313 CORUNNA RD,FLINT,MI,48532,Y,,,,1,,9,43.0111,-83.803
1929,"CLOQUET, MN",Supercenter,1308 HIGHWAY 33 S,CLOQUET,MN,55720,Y,,Y,,2,,9,46.766266652987,-92.450760103852
1931,"RHINELANDER, WI",Supercenter,2121 LINCOLN ST,RHINELANDER,WI,54501,Y,,,,1,,9,45.633382461646,-89.383315077286
1932,"ELLSWORTH, ME",Supercenter,17 MYRICK ST,ELLSWORTH,ME,04605,Y,Y,,,2,,9,44.524664093844,-68.397386058844
1934,"SOUTH HILL, VA",Supercenter,315 FURR ST,SOUTH HILL,VA,23970,Y,,,,1,,9,36.710438690683,-78.106837985791
1935,"JOHNSTOWN, PA",Supercenter,150 TOWN CENTRE DR,JOHNSTOWN,PA,15904,Y,,,Y,2,,9,40.277035780224,-78.84535105976
1936,"SAULT STE MARIE, MI",Supercenter,3763 I-75 BUSINESS SPUR,SAULT SAINTE MARIE,MI,49783,Y,,,,1,,9,46.4976734,-84.3476583
1938,"BEDFORD PARK, IL",Supercenter,7050 S CICERO AVE,BEDFORD PARK,IL,60638,Y,,,,1,,9,41.7690519,-87.7770096
1941,"GLENDORA, CA",Supercenter,1950 AUTO CENTER DRIVE,GLENDORA,CA,91740,Y,Y,Y,,3,,9,34.117449236331,-117.827706833152
1946,"MASSENA, NY",Supercenter,43 STEPHENVILLE ST,MASSENA,NY,13662,,Y,,,1,,9,44.924969994818,-74.876766456175
1947,"OMAK, WA",Supercenter,902 ENGH RD,OMAK,WA,98841,Y,Y,,,2,,9,48.41670573198,-119.508490289882
1949,"FREDONIA, NY",Supercenter,10401 BENNETT RD,FREDONIA,NY,14063,Y,,Y,,2,,9,42.453932645841,-79.309803123952
1950,"AHOSKIE, NC",Supercenter,2150 US 13 SOUTH,AHOSKIE,NC,27910,Y,,,,1,,9,36.266753226926,-76.966980044931
1953,"LOUISBURG, NC",Supercenter,705 RETAIL WAY,LOUISBURG,NC,27549,,,,,0,Y,9,36.0578,-78.2586
1956,BILLINGS MT,Supercenter,2525 KING AVE W,BILLINGS,MT,59102,Y,,Y,,2,,9,45.755174540424,-108.586693043729
1959,WALLKILL (MIDDLETOWN) NY,Supercenter,470 ROUTE 211 E,MIDDLETOWN,NY,10940,Y,,,,1,,9,41.455920732462,-74.381161608497
1962,"KOKOMO, IN",Supercenter,1920 E MARKLAND AVE,KOKOMO,IN,46901,Y,Y,,Y,3,,9,40.476749350379,-86.10589006009
1965,"COUNCIL BLUFFS, IA",Supercenter,3201 MANAWA CENTRE DR,COUNCIL BLUFFS,IA,51501,Y,,,,1,,9,41.228116363126,-95.847449940771
1966,GENESEO NY,Supercenter,4235 VETERAN DR,GENESEO,NY,14454,Y,,,,1,,9,42.800735751278,-77.787446797671
1967,"SPRINGFIELD, MA",Supercenter,1105 BOSTON RD,SPRINGFIELD,MA,01119,Y,,Y,,2,,9,42.138802980004,-72.507813252493
1971,"ROCHESTER, MN",Supercenter,3400 55TH ST NW,ROCHESTER,MN,55901,Y,Y,,,2,,9,44.079463141953,-92.514124037933
1973,"JAMESTOWN (LAKEWOOD), NY",Supercenter,350 E FAIRMOUNT AVE,LAKEWOOD,NY,14750,Y,,,Y,2,,9,42.098411360565,-79.297827520569
1974,"HOULTON, ME",Wal-Mart,17 LUDLOW RD,HOULTON,ME,04730,,,,,0,Y,9,46.1189,-67.863
1975,"CLAREMONT, NH",Supercenter,14 BOWEN ST,CLAREMONT,NH,03743,Y,,,,1,,9,43.375624712084,-72.329188298791
1978,"PLYMOUTH, IN",Supercenter,2505 N OAK DR,PLYMOUTH,IN,46563,Y,,,Y,2,,9,41.363850516461,-86.329013876253
1985,"LAUREL, MD",Supercenter,3549 RUSSETT GRN,LAUREL,MD,20724,Y,,,,1,,9,39.100128667441,-76.805363844899
1987,"LAPEER, MI",Supercenter,555 E GENESEE ST,LAPEER,MI,48446,Y,,,,1,,9,43.050753336815,-83.312728959324
1989,"LOMPOC, CA",Supercenter,701 W CENTRAL AVE,LOMPOC,CA,93436,Y,,,,1,,9,34.66098141798,-120.464904980097
1994,"PLATTSBURGH, NY",Supercenter,25 CONSUMER SQ,PLATTSBURGH,NY,12901,Y,Y,,,2,,9,44.693821142129,-73.485264557271
2001,"FRESNO, CA (SE)",Supercenter,5125 EAST KINGS CANYON RD,FRESNO,CA,93727,Y,,,,1,,9,36.735930881487,-119.722729601416
2013,"WATERVILLE, ME",Supercenter,80 WATERVILLE COMMONS DR,WATERVILLE,ME,04901,Y,Y,,,2,,9,44.570271637598,-69.64423563518
2016,"COLVILLE, WA",Supercenter,810 NORTH HIGHWAY,COLVILLE,WA,99114,Y,,,,1,,9,48.552001585544,-117.915952641968
2019,"UNIONTOWN, PA",Supercenter,355 WALMART DR,UNIONTOWN,PA,15401,Y,,,,1,,9,39.913239468384,-79.756408946681
2020,"RENSSELAER, IN",Wal-Mart,905 S COLLEGE AVE,RENSSELAER,IN,47978,Y,Y,,,2,,9,40.924461744058,-87.155585825137
2024,"TUNKHANNOCK, PA",Supercenter,808 HUNTER HWY,TUNKHANNOCK,PA,18657,Y,,,,1,,9,41.5385159,-75.946844
2027,"LAVALE, MD",Supercenter,12500 COUNTRY CLUB MALL RD,LAVALE,MD,21502,Y,,,Y,2,,9,39.649433,-78.8098603
2028,"RIVERSIDE (S), CA",Supercenter,5200 VAN BUREN BLVD,RIVERSIDE,CA,92503,,Y,,,1,,9,33.936704315003,-117.454056405238
2030,"SONORA, CA",Supercenter,1101 SANGUINETTI ROAD,SONORA,CA,95370,Y,,,,1,,9,37.974042936631,-120.364248660737
2035,"GREENVILLE, OH",Supercenter,1501 WAGNER AVENUE,GREENVILLE,OH,45331,Y,Y,Y,,3,,9,40.125219697034,-84.620437037073
2037,"ABERDEEN, WA",Supercenter,909 E WISHKAH ST,ABERDEEN,WA,98520,Y,Y,,,2,,9,46.977178979719,-123.80745503129
2039,"MERCED, CA",Wal-Mart,3055 LOUGHBOROUGH DR,MERCED,CA,95348,Y,,,,1,,9,37.1641544,-120.7678602
2040,"BURLINGTON, NJ",Supercenter,2106 MOUNT HOLLY RD,BURLINGTON,NJ,08016,Y,,,,1,,9,40.046784955535,-74.836705583447
2044,"CHICO, CA",Wal-Mart,2044 FOREST AVE,CHICO,CA,95928,Y,,,Y,2,,9,39.723408315662,-121.801619314567
2045,"WHITE MARSH, MD",Supercenter,8118 PERRY HILLS CT,NOTTINGHAM,MD,21236,Y,,,,1,,9,39.378740561253,-76.50708701371
2046,"AUGUSTA, ME",Supercenter,201 CIVIC CENTER DR,AUGUSTA,ME,04330,Y,,,,1,,9,44.350323871784,-69.79660302722
2051,"KINGMAN, AZ",Supercenter,3396 STOCKTON HILL RD,KINGMAN,AZ,86409,,Y,Y,,2,,9,35.222365065605,-114.035845092721
2052,"UKIAH, CA",Wal-Mart,1155 AIRPORT PARK BLVD,UKIAH,CA,95482,Y,,,,1,,9,39.1501662,-123.2077861
2055,"CONCORD, NH",Supercenter,344 LOUDON RD,CONCORD,NH,03301,,Y,Y,,2,,9,43.231737335706,-71.477959928623
2057,"RINDGE, NH",Wal-Mart,750 US ROUTE 202,RINDGE,NH,03461,Y,,,,1,,9,42.741788743269,-72.037371860967
2058,"RALEIGH, NC",Supercenter,1725 NEW HOPE CHURCH RD,RALEIGH,NC,27609,Y,Y,,,2,,9,35.835838315621,-78.610318452202
2061,"PLAINWELL, MI",Supercenter,412 OAKS XING,PLAINWELL,MI,49080,Y,,,,1,,9,42.4426144,-85.6417645
2063,"AUSTINTOWN, OH",Supercenter,6001 MAHONING AVE,AUSTINTOWN,OH,44515,Y,,,,1,,9,41.099537878945,-80.775099500209
2078,"MARIETTA, OH",Supercenter,804 PIKE ST,MARIETTA,OH,45750,Y,,,Y,2,,9,39.406823269526,-81.418355249932
2079,"MARQUETTE, MI",Supercenter,3225 US HIGHWAY 41 W,MARQUETTE,MI,49855,Y,,,,1,,9,46.4481521,-87.6305899
2080,"BATTLE CREEK, MI",Supercenter,6020 B DR N,BATTLE CREEK,MI,49014,Y,,,,1,,9,42.26099165146,-85.178550033747
2082,"CERRITOS, CA",Supercenter,12701 TOWNE CENTER DR,CERRITOS,CA,90703,,,,,0,Y,9,33.8669,-118.0686
2083,"MORGANTOWN, WV",Supercenter,75 RETAIL CIRCLE,MORGANTOWN,WV,26508,Y,Y,,,2,,9,39.6296809,-79.9559437
2092,"OGDENSBURG, NY",Wal-Mart,3000 FORD STREET EXT,OGDENSBURG,NY,13669,Y,,,Y,2,,9,44.6975256,-75.4924943
2097,"HUDSON, NY",Supercenter,460 FAIRVIEW AVE,HUDSON,NY,12534,Y,,,,1,,9,42.280408743446,-73.756785582072
2098,"COLUMBUS, OH (NE)",Supercenter,3900 MORSE RD,COLUMBUS,OH,43219,Y,,,,1,,9,40.057911990786,-82.914279608023
2102,"LUDINGTON, MI",Supercenter,4854 W US HIGHWAY 10,LUDINGTON,MI,49431,Y,,,,1,,9,43.955537122758,-86.400311838581
2107,"LOCKPORT, NY",Supercenter,5735 SOUTH TRANSIT ROAD,LOCKPORT,NY,14094,Y,Y,,,2,,9,43.147649099042,-78.696824293102
2109,"MILLVILLE, NJ",Wal-Mart,2291 N 2ND ST,MILLVILLE,NJ,08332,Y,,,,1,,9,39.426721947228,-75.039896643522
2111,HOOVER SE AL,Supercenter,5335 HIGHWAY 280,HOOVER,AL,35242,Y,Y,,,2,,9,33.350293,-86.851123
2114,"CHIPLEY, FL",Supercenter,1621 MAIN ST,CHIPLEY,FL,32428,Y,,,,1,,9,30.754326641815,-85.549859124762
2115,"NEW PHILADELPHIA, OH",Supercenter,231 BLUEBELL DR SW,NEW PHILADELPHIA,OH,44663,Y,,Y,,2,,9,40.492792347991,-81.472567889623
2116,"QUEENSBURY, NY",Supercenter,891 ROUTE 9,QUEENSBURY,NY,12804,Y,Y,,,2,,9,43.334196152325,-73.678771718793
2117,"LOS BANOS (MERCED), CA EF",Supercenter,1575 WEST PACHECO BLVD,LOS BANOS,CA,93635,,,,,0,Y,9,37.0627,-120.8544
2120,"NORWICH, NY",Supercenter,5396 STATE HIGHWAY 12,NORWICH,NY,13815,Y,,,,1,,9,42.49647456795,-75.529840717987
2121,"SHELTON, WA",Supercenter,100 E WALLACE KNEELAND BLVD,SHELTON,WA,98584,Y,Y,Y,,3,,9,47.231569291378,-123.124801170815
2132,"BATON ROUGE (S), LA",Supercenter,10606 N MALL DR,BATON ROUGE,LA,70809,,Y,,,1,,9,30.379839020226,-91.063819362123
2134,"CHARLOTTE (N),NC",Supercenter,7735 N TRYON ST,CHARLOTTE,NC,28262,Y,Y,,,2,,9,35.295131586869,-80.755305105354
2135,"COBLESKILL, NY",Supercenter,139 MERCHANT PL,COBLESKILL,NY,12043,Y,,,,1,,9,42.677853,-74.4854172
2138,"LEBANON, NH",Wal-Mart,285 PLAINFIELD RD,WEST LEBANON,NH,03784,Y,,,,1,,9,43.623406415999,-72.326331169738
2139,"LYNN, MA",Wal-Mart,780 LYNNWAY,LYNN,MA,01905,Y,,,,1,,9,42.450133765545,-70.963089549894
2140,"NORTH CONWAY, NH",Supercenter,46 N SOUTH RD,NORTH CONWAY,NH,03860,Y,,,,1,,9,44.018239079899,-71.109018865365
2146,"AMSTERDAM, NY",Supercenter,101 SANFORD FARMS SHOPPING CTR,AMSTERDAM,NY,12010,Y,,,Y,2,,9,42.9362232,-74.1905821
2147,"MISSOULA, MT",Supercenter,4000 US-93 BUS,MISSOULA,MT,59804,Y,Y,,,2,,9,46.8701049,-113.995267
2149,"MT VERNON, OH",Supercenter,1575 COSHOCTON AVE,MOUNT VERNON,OH,43050,Y,,,Y,2,,9,40.402462442894,-82.441349175272
2154,"DULUTH, (NW), GA",Supercenter,2635 PLEASANT HILL RD,DULUTH,GA,30096,,Y,,,1,,9,33.9845,-84.1529
2155,"GARDNER, MA",Supercenter,677 TIMPANY BLVD,GARDNER,MA,01440,Y,,,,1,,9,42.54994899814,-71.991836015299
2157,"NORTH DARTMOUTH, MA",Supercenter,506 STATE RD,NORTH DARTMOUTH,MA,02747,Y,,,,1,,9,41.6389926,-70.9703171
2159,"ALLEGANY, NY",Supercenter,1869 PLAZA DR,OLEAN,NY,14760,Y,,,Y,2,,9,42.07988216435,-78.467763538259
2160,"PETERSBURG, VA",Supercenter,3500 S CRATER RD,PETERSBURG,VA,23805,Y,,,,1,,9,37.181327067404,-77.365624838845
2169,"LEHIGHTON, PA",Supercenter,1731 BLAKESLEE BOULEVARD DR E,LEHIGHTON,PA,18235,Y,Y,,,2,,9,40.811905740618,-75.741421014184
2178,"CALAIS, ME",Supercenter,379 SOUTH ST,CALAIS,ME,04619,Y,Y,,,2,,9,45.172641449843,-67.278618216143
2183,"OXFORD, ME",Supercenter,1240 MAIN ST,OXFORD,ME,04270,,,,,0,Y,9,44.1118,-70.5098
2185,"SELINSGROVE, PA",Supercenter,980 N SUSQUEHANNA TRL,SELINSGROVE,PA,17870,Y,,,,1,,9,40.8062437,-76.8607084
2189,"RENO (S), NV",Supercenter,4855 KIETZKE LN,RENO,NV,89509,Y,,,,1,,9,39.479942101081,-119.793559443173
2190,"WOODLAND, CA",Wal-Mart,1720 E MAIN ST,WOODLAND,CA,95776,,Y,,,1,,9,38.677102957424,-121.741081220585
2192,"HOUGHTON, MI",Supercenter,995 RAZORBACK DR,HOUGHTON,MI,49931,Y,,,,1,,9,47.109735218164,-88.57882867338
2193,"STEUBENVILLE, OH",Supercenter,100 MALL DR,STEUBENVILLE,OH,43952,Y,,Y,,2,,9,40.371030649866,-80.670712171103
2195,"HOWELL, NJ",Supercenter,4900 US HIGHWAY 9,HOWELL,NJ,07731,Y,,,,1,,9,40.133411093468,-74.224094399799
2197,"WARREN, OH",Supercenter,2016 MILLENNIUM BLVD,CORTLAND,OH,44410,Y,,,Y,2,,9,41.274379058302,-80.774353837917
2199,"ST CLAIRSVILLE, OH",Supercenter,50739 VALLEY PLAZA DR,SAINT CLAIRSVILLE,OH,43950,Y,,,,1,,9,40.0806266,-80.9000916
2208,"SAYRE, PA",Supercenter,1887 ELMIRA ST,SAYRE,PA,18840,Y,,,,1,,9,41.977434711915,-76.541693941401
2209,"ZANESVILLE, OH",Supercenter,2850 MAPLE AVE,ZANESVILLE,OH,43701,Y,,,,1,,9,39.975039374467,-82.012945003461
2214,"COLUMBIA, (E), SC",Supercenter,5420 FOREST DR,COLUMBIA,SC,29206,Y,,,,1,,9,34.022988946117,-80.954744328298
2224,"WILLISTON, VT",Wal-Mart,863 HARVEST LN,WILLISTON,VT,05495,Y,,,,1,,9,44.442990605588,-73.120778948607
2228,"PITTSFIELD, MA",Wal-Mart,555 HUBBARD AVE STE 12,PITTSFIELD,MA,01201,Y,,,,1,,9,42.468348818527,-73.196833545522
2229,,,,,,,Y,Y,,,2,,9,,
2234,"ROME, NY",Supercenter,5815 ROME TABERG RD,ROME,NY,13440,Y,Y,,,2,,9,43.2102196,-75.4583956
2237,"LEHIGH ACRES, FL",Supercenter,2523 LEE BLVD,LEHIGH ACRES,FL,33971,Y,,,,1,,9,26.615628423346,-81.665455184264
2239,"SAN ANTONIO (W), TX",Supercenter,8923 W MILITARY DR,SAN ANTONIO,TX,78245,Y,,,,1,,9,29.4189,-98.6895
2241,"SUNNYSIDE, WA",Supercenter,2675 E LINCOLN AVE,SUNNYSIDE,WA,98944,Y,Y,,,2,,9,46.316706252298,-119.988994696456
2242,"ANAHEIM, CA",Supercenter,440 N EUCLID ST,ANAHEIM,CA,92801,Y,,,,1,,9,33.836986676896,-117.941485474752
2249,"CHEHALIS, WA",Supercenter,1601 NW LOUISIANA AVE,CHEHALIS,WA,98532,Y,Y,Y,,3,,9,46.6599653,-122.963432
2254,"HAMMONTON, NJ",Wal-Mart,55 S WHITE HORSE PIKE,HAMMONTON,NJ,08037,Y,,,,1,,9,39.643119083451,-74.781874195059
2255,"HAZLETON, PA",Supercenter,761 AIRPORT RD,HAZLE TOWNSHIP,PA,18202,Y,,,,1,,9,40.988378560017,-76.012586697548
2257,"HOUSTON, TX",Supercenter,13484 NORTHWEST FWY,HOUSTON,TX,77040,Y,,,,1,,9,29.852048753963,-95.510250602944
2259,"KALISPELL, MT",Supercenter,170 HUTTON RANCH RD,KALISPELL,MT,59901,Y,,,,1,,9,48.232902162436,-114.326585333451
2262,"ONEONTA, NY",Supercenter,5054 STATE HIGHWAY 23,ONEONTA,NY,13820,Y,Y,Y,,3,,9,42.448971193882,-75.041636686581
2265,"SIMPSONVILLE, SC",Supercenter,3950 GRANDVIEW DR,SIMPSONVILLE,SC,29680,Y,Y,,,2,,9,34.71434263654,-82.250865096784
2269,"YAKIMA, WA",Supercenter,1600 E CHESTNUT AVE,YAKIMA,WA,98901,Y,,,Y,2,,9,46.603069990839,-120.481540162713
2270,"DURANGO, CO",Supercenter,1155 S CAMINO DEL RIO,DURANGO,CO,81303,Y,,,Y,2,,9,37.2769484,-107.8766
2271,"SHAWANO, WI",Supercenter,1244 EAST GREEN BAY,SHAWANO,WI,54166,Y,,,,1,,9,44.782098431897,-88.588807421475
2272,"CAMBRIDGE, MD",Supercenter,2775 DORCHESTER SQ,CAMBRIDGE,MD,21613,Y,,,,1,,9,38.554308413337,-76.056287817752
2275,"OXFORD, OH",Supercenter,5720 COLLEGE CORNER PIKE,OXFORD,OH,45056,Y,,,,1,,9,39.528508388274,-84.77048927178
2281,"WEST MIFFLIN, PA",Supercenter,2351 CENTURY DR,WEST MIFFLIN,PA,15122,Y,Y,Y,,3,,9,40.3634026,-79.8664375
2285,"HERKIMER, NY",Supercenter,103 N CAROLINE ST,HERKIMER,NY,13350,Y,Y,,,2,,9,43.023096016541,-74.993378207098
2287,"NEW CASTLE, PA",Supercenter,2501 W STATE ST,NEW CASTLE,PA,16101,Y,,,,1,,9,41.011480777715,-80.393066148031
2291,CHULA VISTA (W) CA,Wal-Mart,75 NORTH BROADWAY,CHULA VISTA,CA,91910,Y,,,,1,,9,32.645563747119,-117.09507171361
2295,"RICHMOND, VA",Supercenter,7901 BROOK RD,RICHMOND,VA,23227,Y,,,,1,,9,37.630179761149,-77.45844568751
2306,"NORTHPORT, AL",Supercenter,5710 MCFARLAND BLVD,NORTHPORT,AL,35476,Y,,,,1,,9,33.235242124858,-87.613417250416
2307,"SOUTH JORDAN, UT",Supercenter,11328 S JORDAN GTWY,SOUTH JORDAN,UT,84095,Y,Y,,,2,,9,40.546943942463,-111.898710525118
2310,"KNOXVILLE (E), TN",Supercenter,3051 KINZEL WAY,KNOXVILLE,TN,37924,,Y,,,1,,9,36.029972218682,-83.867077319291
2311,"HUNTINGTON, IN",Supercenter,2800 WAL MART DR,HUNTINGTON,IN,46750,Y,,,,1,,9,40.899236659802,-85.513888681358
2312,"ROANOKE (N), VA",Supercenter,4807 VALLEY VIEW BLVD NW,ROANOKE,VA,24012,Y,,Y,,2,,9,37.303786762615,-79.959598399912
2315,"DALLAS, OR",Wal-Mart,321 NE KINGS VALLEY HWY,DALLAS,OR,97338,Y,,,,1,,9,44.9189206,-123.315869
2318,"INDIANA, PA",Supercenter,3100 OAKLAND AVE,INDIANA,PA,15701,Y,Y,Y,Y,4,,9,40.601116896119,-79.192974496348
2322,"GERMANTOWN, TN",Supercenter,577 N GERMANTOWN PKWY,CORDOVA,TN,38018,Y,,,,1,,9,35.141295526323,-89.795783675388
2326,"HORNELL, NY",Wal-Mart,1000 STATE ROUTE 36,HORNELL,NY,14843,,,,,0,Y,9,42.3274,-77.6569
2332,"ST. ALBANS, VT",Wal-Mart,700 TUCKERS WAY,ST. ALBANS,VT,05478,,,,,0,Y,9,44.8111,-73.089
2333,APPLE VALLEY CA,Wal-Mart,20251 HWY 18,APPLE VALLEY,CA,92307,,Y,,,1,,9,34.5008311,-117.1858759
2337,"ROCKY MOUNT, VA",Supercenter,550 OLD FRANKLIN TPKE,ROCKY MOUNT,VA,24151,,,,,0,Y,9,36.9891,-79.884
2345,,,,,,,Y,,,,1,,9,,
2350,"WAUSEON, OH",Supercenter,485 AIRPORT HWY,WAUSEON,OH,43567,Y,,,,1,,9,41.573581621706,-84.135254693548
2351,"CATSKILL, NY",Supercenter,30 CATSKILL CMNS,CATSKILL,NY,12414,,Y,Y,,2,,9,42.213526722937,-73.881947753868
2352,"CAMBRIDGE, MN",Supercenter,2101 2ND AVE SE,CAMBRIDGE,MN,55008,Y,,,Y,2,,9,45.573878224693,-93.212520297147
2358,"ALPENA, MI",Supercenter,1180 M 32 W,ALPENA,MI,49707,Y,,,,1,,9,45.061563679715,-83.490915286959
2359,"ASHTABULA, OH",Supercenter,3551 N RIDGE RD E,ASHTABULA,OH,44004,Y,,,Y,2,,9,41.880583698366,-80.749563317687
2365,"MT POCONO, PA",Supercenter,3271 ROUTE 940,MOUNT POCONO,PA,18344,,,,,0,Y,9,41.1216,-75.3529
2367,"PINE CITY, MN",Supercenter,950 11TH ST SW,PINE CITY,MN,55063,Y,,,,1,,9,45.8260672,-92.9685423
2368,"E STROUDSBURG, PA",Supercenter,355 LINCOLN AVE,EAST STROUDSBURG,PA,18301,,,,,0,Y,9,41.0367,-75.1735
2369,"TILTON, NH",Supercenter,33 SHERWOOD DRIVE,TILTON,NH,03276,Y,,,,1,,9,43.452646951637,-71.576490523968
2370,"TROY, NY",Supercenter,760 HOOSICK RD,TROY,NY,12180,Y,Y,,,2,,9,42.746233283492,-73.640675061807
2386,"WARE, MA",Supercenter,352 PALMER RD,WARE,MA,01082,Y,,,,1,,9,42.239588662002,-72.280319888875
2388,"PORTLAND, IN",Supercenter,950 W VOTAW ST,PORTLAND,IN,47371,Y,Y,,Y,3,,9,40.439323328965,-84.991002774586
2395,TULSA (RIVER),Neighborhood Market,9411 S DELAWARE AVE,TULSA,OK,74137,,,,,0,Y,9,36.0284,-95.9306
2400,"CHILLICOTHE, OH",Supercenter,85 RIVER TRCE,CHILLICOTHE,OH,45601,Y,,,Y,2,,9,39.346449485275,-82.970953395977
2401,"DUARTE, CA",Wal-Mart,1600 MOUNTAIN AVE,DUARTE,CA,91010,Y,,Y,,2,,9,34.134958647949,-117.986254647346
2402,"ELKO, NV",Supercenter,2944 MOUNTAIN CITY HWY,ELKO,NV,89801,,Y,Y,,2,,9,40.839590083552,-115.795152774783
2412,"ELLICOTT CITY, MD",Supercenter,3200 NORTH RIDGE RD,ELLICOTT CITY,MD,21043,,,,,0,Y,9,39.2548,-76.8001
2417,"PETOSKEY,MI",Supercenter,1850 ANDERSON RD,PETOSKEY,MI,49770,Y,,,,1,,9,45.35956609079,-84.970910117737
2420,"BELLE VERNON, PA",Supercenter,100 SARA WAY,BELLE VERNON,PA,15012,Y,,,,1,,9,40.1250725,-79.8664356
2421,"ST CROIX FALLS, WI",Supercenter,2212 GLACIER DR,SAINT CROIX FALLS,WI,54024,Y,,,,1,,9,45.398853317952,-92.605713662766
2424,"TICONDEROGA, NY",Supercenter,1134 WICKER ST,TICONDEROGA,NY,12883,,,,,0,Y,9,43.8463,-73.4426
2426,"COLUMBUS (SW), OH",Supercenter,5200 WEST POINTE PLAZA,COLUMBUS,OH,43228,Y,,,,1,,9,39.9622601,-83.0007065
2427,"DALLAS, TX",Supercenter,9301 FOREST LN,DALLAS,TX,75243,Y,,,,1,,9,32.909307059031,-96.741346676355
2429,"SPRINGFIELD, OH",Supercenter,2100 N BECHTLE AVE,SPRINGFIELD,OH,45504,Y,,,Y,2,,9,39.953206534702,-83.82856694126
2433,GARLAND TX,Neighborhood Market,101 W BUCKINGHAM RD,GARLAND,TX,75040,Y,,,,1,,9,32.912624,-96.6388833
2434,"IRON MOUNTAIN, MI",Supercenter,1920 S STEPHENSON AVE,IRON MOUNTAIN,MI,49801,Y,,,,1,,9,45.809566250204,-88.039010245817
2436,"ELDERSBURG, MD",Supercenter,6400A RIDGE RD,SYKESVILLE,MD,21784,Y,,,,1,,9,39.393778936863,-76.932376158886
2437,"WARRENTON, VA",Supercenter,700 JAMES MADISON HWY,WARRENTON,VA,20186,Y,,,,1,,9,38.697174155033,-77.787789072598
2439,BAYTOWN TX,Supercenter,8700 N HIGHWAY 146,BAYTOWN,TX,77523,Y,,,,1,,9,29.819236930596,-94.899247620854
2441,"HAMILTON, OH",Supercenter,1505 MAIN ST,HAMILTON,OH,45013,Y,,,Y,2,,9,39.428676555583,-84.59894111135
2452,"MILWAUKEE, WI",Supercenter,401 E CAPITOL DR,MILWAUKEE,WI,53212,Y,,,,1,,9,43.089185107339,-87.906040756673
2453,"FALLON,NV",Supercenter,2333 RENO HWY,FALLON,NV,89406,Y,,,,1,,9,39.47754769212,-118.806003546816
2465,AUGUSTA WINDSOR GA,Neighborhood Market,3697 WINDSOR SPRING RD,HEPHZIBAH,GA,30815,Y,,,,1,,9,33.381564643403,-82.069408275711
2467,,,,,,,Y,,,,1,,9,30.647288441938,-87.143097986014
2469,"LONGVIEW, WA",Supercenter,540 7TH AVE,LONGVIEW,WA,98632,Y,,,,1,,9,46.120865684889,-122.932946245946
2471,"COLUMBUS, (NW) OH",Supercenter,5900 BRITTON PKWY,DUBLIN,OH,43016,Y,Y,Y,,3,,9,40.073066474241,-83.139064285123
2474,"KEYSER, WV",Supercenter,RR 4 BOX 82,KEYSER,WV,26726,Y,,,,1,,9,39.4527,-78.8926
2475,"CONYERS, GA",Supercenter,1436 DOGWOOD DR SE,CONYERS,GA,30013,Y,,,,1,,9,33.650575176981,-83.998883966021
2476,"COLLEGE PLACE, WA",Supercenter,1700 SE MEADOWBROOK BLVD,COLLEGE PLACE,WA,99324,Y,,,Y,2,,9,46.033857221995,-118.381807808789
2477,"ROSEBURG, OR",Supercenter,2125 NW STEWART PKWY,ROSEBURG,OR,97471,Y,,Y,,2,,9,43.233966085891,-123.372221578613
2480,"HONESDALE, PA",Supercenter,723A OLD WILLOW AVE,HONESDALE,PA,18431,Y,,,,1,,9,41.554004732535,-75.226815830872
2481,"SHAMOKIN, PA",Supercenter,9300 STATE ROUTE 61,COAL TOWNSHIP,PA,17866,Y,,,,1,,9,40.788821747591,-76.507080102519
2485,"PONDERAY, ID",Supercenter,476999 HIGHWAY 95,PONDERAY,ID,83852,Y,,,,1,,9,48.308226300886,-116.546037500415
2491,"DANVILLE, IL",Supercenter,4101 N VERMILION ST STE A,DANVILLE,IL,61834,Y,,,,1,,9,40.196532965857,-87.629512362766
2492,"PENDLETON,OR",Supercenter,2203 SW COURT AVE,PENDLETON,OR,97801,Y,,,,1,,9,45.666133009653,-118.809043828298
2496,"BOONE, NC",Supercenter,200 WATAUGA VILLAGE DR,BOONE,NC,28607,Y,,,,1,,9,36.196376486301,-81.657067747682
2500,,,,,,,,,,,0,Y,9,,
2502,LATROBE PA,Supercenter,100 COLONY LN,LATROBE,PA,15650,Y,,,Y,2,,9,40.285908450772,-79.382420727319
2505,"MISSOURI CITY, TX",Supercenter,5501 HIGHWAY 6,MISSOURI CITY,TX,77459,Y,Y,,,2,,9,29.572381346094,-95.570857547926
2507,"SANTA MARIA, CA",Wal-Mart,2220 S BRADLEY RD,SANTA MARIA,CA,93455,Y,,,,1,,9,34.923519225255,-120.41906621912
2509,"CHILTON, WI",Supercenter,810 S IRISH RD,CHILTON,WI,53014,Y,,,,1,,9,44.022858041352,-88.142727276324
2510,"MINOCQUA,WI",Supercenter,8760 NORTHRIDGE WAY,MINOCQUA,WI,54548,Y,,,,1,,9,45.889789181764,-89.724380360969
2514,"POCOMOKE CITY, MD",Supercenter,2132 OLD SNOW HILL RD,POCOMOKE CITY,MD,21851,Y,,,,1,,9,38.0714,-75.555
2522,"ESCANABA, MI",Supercenter,601 N LINCOLN RD,ESCANABA,MI,49829,Y,,Y,,2,,9,45.752342969863,-87.077790940082
2528,"MILL HALL, PA",Supercenter,167 HOGAN BLVD,MILL HALL,PA,17751,Y,,,Y,2,,9,41.116221910956,-77.476907381669
2530,"RUTLAND, VT",Wal-Mart,90 SHOPPING PLAZA RD,RUTLAND,VT,05701,Y,,,,1,,9,43.6084792,-72.9724768
2532,"BELOIT, WI",Supercenter,2785 MILWAUKEE RD,BELOIT,WI,53511,Y,,,,1,,9,42.523954648412,-88.984837669897
2534,"DOTHAN (S), AL",Supercenter,3300 S OATES ST,DOTHAN,AL,36301,Y,,,,1,,9,31.179231958452,-85.402049353137
2535,"SAINT CLAIR, PA",Supercenter,500 TERRY RICH BLVD,SAINT CLAIR,PA,17970,Y,,,,1,,9,40.727785357998,-76.19341851091
2536,"TULARE, CA",Wal-Mart,1110 E PROSPERITY AVE,TULARE,CA,93274,Y,,,,1,,9,36.226096120812,-119.324263110132
2537,"REDDING, CA",Supercenter,1515 DANA DR,REDDING,CA,96003,Y,,,,1,,9,40.585553971673,-122.343394278329
2540,"CLARION, PA",Supercenter,63 PERKINS RD,CLARION,PA,16214,Y,,,,1,,9,41.189985606417,-79.395511785752
2541,"ALLIANCE, OH",Supercenter,2700 W STATE ST,ALLIANCE,OH,44601,Y,,,,1,,9,40.901993400783,-81.160943665494
2542,"OTTAWA, OH",Supercenter,1720 N PERRY ST,OTTAWA,OH,45875,Y,Y,,,2,,9,41.035062460088,-84.036822218667
2543,"PITTSTON, PA",Supercenter,390 ROUTE 315 HWY,PITTSTON,PA,18640,Y,,,Y,2,,9,41.307415978647,-75.763134142951
2544,"PORTAGE, IN",Supercenter,6087 US HIGHWAY 6,PORTAGE,IN,46368,Y,Y,Y,,3,,9,41.550441882468,-87.179379884132
2545,"MARINETTE, WI",Supercenter,2900 ROOSEVELT RD,MARINETTE,WI,54143,Y,,,,1,,9,45.073355011394,-87.659552172576
2555,"NEW CASTLE, DE",Wal-Mart,117 WILTON BLVD,NEW CASTLE,DE,19720,,,,,0,Y,9,39.5929,-75.6515
2560,"BERLIN, MD",Supercenter,11416 OCEAN GTWY,BERLIN,MD,21811,Y,,,,1,,9,38.3440153421,-75.162848360869
2561,"ERIE (W), PA",Supercenter,5350 W RIDGE RD,ERIE,PA,16506,Y,,,,1,,9,42.065188128901,-80.194882684516
2562,"GOODLAND, KS",Supercenter,2160 COMMERCE RD,GOODLAND,KS,67735,,,,,0,Y,9,39.3491,-101.7164
2563,"PAOLI, IN",Supercenter,735 N GOSPEL ST,PAOLI,IN,47454,,Y,,,1,,9,38.563991063377,-86.466216045167
2564,"LURAY, VA",Supercenter,1036 US HIGHWAY 211 W,LURAY,VA,22835,Y,,,,1,,9,38.660615104272,-78.49444708562
2566,"CHARLES TOWN, WV",Supercenter,96 PATRICK HENRY WAY,CHARLES TOWN,WV,25414,Y,,,,1,,9,39.300090341018,-77.830642713004
2572,"WAVERLY, OH",Supercenter,990 W EMMITT AVE,WAVERLY,OH,45690,,,,,0,Y,9,39.1264,-83.0049
2576,"CROSS LANES, WV",Supercenter,100 NITRO MARKET PL,CROSS LANES,WV,25313,Y,Y,Y,,3,,9,38.4332495,-81.7656197
2577,"HUNT VALLEY, MD",Supercenter,1 FRANKEL WAY,COCKEYSVILLE,MD,21030,Y,,,Y,2,,9,39.471591044115,-76.641328070691
2579,"CHADRON, NE",Supercenter,510 LINDEN ST,CHADRON,NE,69337,Y,,,,1,,9,42.827682619848,-103.022898339584
2580,"CLINTON, NC",Supercenter,1415 SUNSET AVE,CLINTON,NC,28328,Y,,,,1,,9,34.991602786015,-78.350971099036
2584,"TUCKER, GA",Supercenter,4375 LAWRENCEVILLE HWY,TUCKER,GA,30084,Y,,,,1,,9,33.857145814596,-84.206637826415
2590,HILLSBORO OR,Neighborhood Market,7650 NE SHALEEN ST,HILLSBORO,OR,97006,Y,,,,1,,9,45.516537560861,-122.898180286281
2596,"MOUNT VERNON, WA",Supercenter,2301 FREEWAY DR,MOUNT VERNON,WA,98273,Y,Y,Y,,3,,9,48.44152632126,-122.343192488406
2597,"FRANKLIN, PA",Supercenter,10 KIMBERLY LN,CRANBERRY,PA,16319,Y,,,,1,,9,41.350630795407,-79.718902256218
2605,"GALLIPOLIS, OH",Supercenter,2145 EASTERN AVE,GALLIPOLIS,OH,45631,Y,Y,Y,,3,,9,38.809803,-82.2023691
2608,"MILES CITY, MT",Supercenter,3205 STOWER ST,MILES CITY,MT,59301,Y,,,,1,,9,46.402687498799,-105.82003379075
2610,"LOGAN, WV",Supercenter,77 NORMAN MORGAN BLVD,LOGAN,WV,25601,Y,,,Y,2,,9,37.8024603,-81.9284776
2611,"MT.PLEASANT, PA",Supercenter,2100 SUMMIT RIDGE PLZ,MOUNT PLEASANT,PA,15666,Y,,,Y,2,,9,40.127394404787,-79.545899739372
2612,"EL PASO (NE), TX",Supercenter,1850 N ZARAGOZA RD,EL PASO,TX,79936,,,,,0,Y,9,31.7677,-106.3016
2613,"BUCYRUS, OH",Supercenter,1875 E MANSFIELD ST,BUCYRUS,OH,44820,Y,Y,,,2,,9,40.812432589333,-82.947494683086
2614,"READING (N), PA",Supercenter,5370 ALLENTOWN PIKE,TEMPLE,PA,19560,Y,,,Y,2,,9,40.41493202041,-75.920503597728
2615,"VALDOSTA (N), GA",Supercenter,3274 INNER PERIMETER RD,VALDOSTA,GA,31602,Y,Y,Y,,3,,9,30.882920755508,-83.289061297807
2616,"O`FALLON, MO",Supercenter,1307 HIGHWAY K,O FALLON,MO,63366,Y,Y,,,2,,9,38.794138281102,-90.699053581779
2618,"COMMERCE, MI",Supercenter,3301 N PONTIAC TRL,COMMERCE,MI,48390,Y,,,,1,,9,42.556472851926,-83.443185872052
2620,"HASTINGS, MI",Supercenter,1618 W M 43 HWY,HASTINGS,MI,49058,Y,,,,1,,9,42.6484514,-85.2895235
2626,"LIVE OAK, FL",Supercenter,6868 US HIGHWAY 129,LIVE OAK,FL,32060,Y,,,,1,,9,30.32642355896,-82.965471686205
2630,"JESUP, GA",Supercenter,1100 N 1ST ST,JESUP,GA,31545,Y,,Y,,2,,9,31.6043,-81.8871
2631,"LIVONIA, MI",Supercenter,29555 PLYMOUTH RD,LIVONIA,MI,48150,Y,,,Y,2,,9,42.369079376513,-83.334818241131
2632,PHOENIX SUNNYSLOPE AZ,Neighborhood Market,115 E DUNLAP AVE,PHOENIX,AZ,85020,,,,,0,Y,9,33.5623,-112.0559
2634,"GORHAM, NH",Supercenter,561 MAIN ST,GORHAM,NH,03581,Y,,,,1,,9,44.427644825333,-71.192658555411
2638,"ASHLAND, (S), KY",Supercenter,12504 U.S. ROUTE 60,ASHLAND,KY,41102,,,,,0,Y,9,38.4218,-82.7173
2639,"GILFORD, NH",Supercenter,1458 LAKE SHORE RD,GILFORD,NH,03249,Y,,,,1,,9,43.563036410073,-71.443201050232
2645,"BLACKSTONE, VA",Supercenter,1451 S MAIN ST,BLACKSTONE,VA,23824,,Y,,,1,,9,37.061219903195,-78.007045617634
2646,"PEARISBURG, VA",Supercenter,160 KINTER WAY,PEARISBURG,VA,24134,,,,,0,Y,9,37.3041,-80.7267
2647,"WOODSTOCK, VA",Supercenter,461 W RESERVOIR RD,WOODSTOCK,VA,22664,Y,,,,1,,9,38.887,-78.5217
2652,"GRANTS, NM",Supercenter,1000 ROBERT RD,GRANTS,NM,87020,Y,,,,1,,9,35.14726,-107.851446
2653,"PORTALES, NM",Supercenter,1604 E SPRUCE ST,PORTALES,NM,88130,,Y,,,1,,9,34.1859636,-103.3373367
2654,"TOMPKINSVILLE, KY",Supercenter,1650 EDMONTON RD,TOMPKINSVILLE,KY,42167,Y,,,,1,,9,36.72956789313,-85.687430482918
2662,"COVINGTON, VA",Supercenter,313 THACKER AVE,COVINGTON,VA,24426,Y,,,,1,,9,37.770253260617,-79.991295348864
2663,"EBENSBURG, PA",Supercenter,300 WALMART DR,EBENSBURG,PA,15931,Y,,,,1,,9,40.473957240887,-78.749068253575
2664,"PUNXSUTAWNEY, PA",Supercenter,21920 ROUTE 119,PUNXSUTAWNEY,PA,15767,,,,,0,Y,9,40.9479,-78.9681
2665,"SLIDELL, LA",Supercenter,167 NORTHSHORE BLVD,SLIDELL,LA,70460,Y,,,,1,,9,30.305609825473,-89.825856803794
2667,"DALLAS (E), TX",Supercenter,7401 SAMUELL BLVD,DALLAS,TX,75228,,,,,0,Y,9,32.825,-96.6784
2672,"LAMAR, CO",Supercenter,1432 E OLIVE ST,LAMAR,CO,81052,,,,,0,Y,9,38.0841,-102.6192
2674,"GREENVILLE, PA",Supercenter,45 WILLIAMSON RD,GREENVILLE,PA,16125,Y,,,,1,,9,41.413812506591,-80.359336590364
2681,"LITTLETON,NH",Wal-Mart,615 MEADOW ST,LITTLETON,NH,03561,,,,,0,Y,9,44.3112,-71.7768
2682,"BERLIN, VT",Supercenter,282 BERLIN MALL RD,BERLIN,VT,05602,Y,,,,1,,9,44.217564258169,-72.564219488199
2683,"HADLEY, MA",Wal-Mart,337 RUSSELL ST,HADLEY,MA,01035,Y,,,,1,,9,42.3606,-72.5715
2684,"NEW MARTINSVILLE, WV",Supercenter,1142 S BRIDGE ST,NEW MARTINSVILLE,WV,26155,Y,,,,1,,9,39.656024817574,-80.858027450442
2689,FRESNO CEDAR CA,Neighborhood Market,3131 N CEDAR AVE,FRESNO,CA,93703,Y,,,,1,,9,36.778799779313,-119.754437800939
2692,"CHESTERFIELD, MI",Supercenter,45400 MARKETPLACE BLVD,CHESTERFIELD,MI,48051,Y,Y,,,2,,9,42.630561491696,-82.854245406634
2696,"MOOREFIELD, WV",Supercenter,11 HARNESS RD,MOOREFIELD,WV,26836,,,,,0,Y,9,38.9907,-78.9745
2703,"FLORENCE, SC",Supercenter,2014 S IRBY ST,FLORENCE,SC,29505,,,,,0,Y,9,34.1231,-79.6893
2704,"RANDLEMAN, NC",Supercenter,1021 HIGH POINT ST,RANDLEMAN,NC,27317,Y,,,,1,,9,35.822119658927,-79.823688948319
2705,"FRANKLIN, VA",Supercenter,1500 ARMORY DR,FRANKLIN,VA,23851,Y,,,,1,,9,36.667481275426,-76.95425389483
2706,GRETNA (N) LA,Supercenter,1501 MANHATTAN BLVD,HARVEY,LA,70058,,,,,0,Y,9,29.8725,-90.0673
2708,TEMECULA CA,Supercenter,32225 TEMECULA PKWY,TEMECULA,CA,92592,Y,Y,Y,,3,,9,33.48152980385,-117.096562636283
2712,"MYRTLE BEACH (S), SC",Supercenter,541 SEABOARD ST,MYRTLE BEACH,SC,29577,Y,,,,1,,9,33.702503855022,-78.915175875491
2713,BIRMINGHAM AL,Supercenter,5919 TRUSSVILLE CROSSINGS PKWY,BIRMINGHAM,AL,35235,Y,,,,1,,9,33.640163400283,-86.626796496246
2714,"SPENCER, IA",Supercenter,500 11TH ST SW,SPENCER,IA,51301,Y,,,,1,,9,43.126763396779,-95.151931190624
2717,"HATTIESBURG, MS",Supercenter,5901 U S HIGHWAY 49,HATTIESBURG,MS,39402,,,,Y,1,,9,31.3098,-89.3775
2718,"HOUSTON (C), TX",Wal-Mart,9555 S POST OAK RD,HOUSTON,TX,77096,Y,,,,1,,9,29.676487430086,-95.458922793217
2720,"MADISON, MS",Supercenter,127 GRANDVIEW BLVD,MADISON,MS,39110,Y,,,,1,,9,32.463948958347,-90.13313748
2723,"SUMITON, AL",Supercenter,690 HIGHWAY 78,SUMITON,AL,35148,Y,,,,1,,9,33.7554224,-87.0504172
2724,"PASADENA, TX",Supercenter,1107 SHAVER ST,PASADENA,TX,77506,Y,,,,1,,9,29.693611192938,-95.211335392037
2726,"REYNOLDSBURG, OH",Supercenter,2793 TAYLOR ROAD EXT,REYNOLDSBURG,OH,43068,Y,,,,1,,9,39.936611016517,-82.785592717295
2728,"DECATUR, (S), IL",Supercenter,4625 E MARYLAND ST,DECATUR,IL,62521,Y,Y,Y,,3,,9,39.819895279062,-88.88277509147
2730,"TARBORO, NC",Supercenter,110 RIVER OAKS DR,TARBORO,NC,27886,Y,,,,1,,9,35.883255413758,-77.548144989946
2731,GAINESVILLE WEST MCEVER R,Neighborhood Market,2892 BROWNS BRIDGE RD,GAINESVILLE,GA,30504,,,,,0,Y,9,34.2723,-83.8793
2734,"NORMAN (E), OK",Supercenter,601 12TH AVE NE,NORMAN,OK,73071,,,,,0,Y,9,35.233,-97.4067
2735,"SACRAMENTO, CA",Supercenter,6051 FLORIN RD,SACRAMENTO,CA,95823,Y,Y,,,2,,9,38.496127550435,-121.433562831422
2739,"BAY MINETTE, AL",Supercenter,701 MCMEANS AVE,BAY MINETTE,AL,36507,,Y,,,1,,9,30.886623957931,-87.789001364852
2749,"SPRUCE PINE, NC",Supercenter,2514 HALLTOWN RD,SPRUCE PINE,NC,28777,Y,,Y,,2,,9,35.868920324034,-82.044372618941
2751,"ENGLEWOOD (N), CO",Supercenter,601 ENGLEWOOD PKWY,ENGLEWOOD,CO,80110,Y,,Y,,2,,9,39.654955158669,-104.994732172084
2753,"CLAYTON, GA",Supercenter,1455 HIGHWAY 441 S,CLAYTON,GA,30525,Y,,,,1,,9,33.5204959,-84.3591713
2754,"WAYNESBORO, GA",Supercenter,1500 N LIBERTY ST,WAYNESBORO,GA,30830,Y,,,,1,,9,33.0898731,-82.0156736
2758,PLYMOUTH NH,Supercenter,683 TENNEY MOUNTAIN HWY,PLYMOUTH,NH,03264,Y,,,,1,,9,43.757,-71.6881
2760,"JACKSON, AL",Supercenter,4206 N COLLEGE AVE,JACKSON,AL,36545,,,,,0,Y,9,31.5131,-87.8672
2761,"POUNDING MILL, VA",Supercenter,13320 G.C. PEERY HWY,POUNDING MILL,VA,24637,,,,,0,Y,9,37.0596,-81.7301
2763,DONNA TX,Supercenter,900 N SALINAS BOULEVARD,DONNA,TX,78537,Y,,,,1,,9,26.180476324484,-98.040975951475
2768,"MESA (S), AZ",Supercenter,1955 S STAPLEY DR,MESA,AZ,85204,Y,,,,1,,9,33.45020264318,-111.804853688254
2773,LA GRANGE GA,Neighborhood Market,955 LAFAYETTE PKWY,LAGRANGE,GA,30241,,,,,0,Y,9,33.0249,-84.9577
2783,"LEXINGTON, (NE) KY",Supercenter,500 W NEW CIRCLE RD,LEXINGTON,KY,40511,Y,Y,,,2,,9,38.071969711268,-84.479773925645
2784,"BEATRICE, NE",Supercenter,3620 N 6TH ST,BEATRICE,NE,68310,Y,,Y,,2,,9,40.303413811164,-96.74671228759
2786,AVON IN,Supercenter,9500 E US HIGHWAY 36,AVON,IN,46123,Y,,,,1,,9,39.763626303294,-86.35411059363
2791,"GEORGETOWN, DE",Supercenter,4 COLLEGE PARK LN,GEORGETOWN,DE,19947,Y,,,,1,,9,38.701886327057,-75.402120863279
2792,"WAYNE, WV",Supercenter,100 MCGINNIS DR,WAYNE,WV,25570,,,,,0,Y,9,38.2258,-82.4339
2793,"KERNERSVILLE, NC",Supercenter,1130 S MAIN ST,KERNERSVILLE,NC,27284,Y,,,,1,,9,36.107479918968,-80.099175632592
2794,"EPHRAIM, UT",Supercenter,777 N MAIN ST,EPHRAIM,UT,84627,Y,,,,1,,9,39.36,-111.5823
2799,"CLINTON, MD",Wal-Mart,8745 BRANCH AVE,CLINTON,MD,20735,,,,,0,Y,9,38.7549,-76.9026
2800,,,,,,,Y,Y,Y,,3,,9,28.928507392635,-82.032540183459
2801,ALBANY GILLIONVILLE GA,Neighborhood Market,108 S WESTOVER BLVD,ALBANY,GA,31707,Y,,,,1,,9,31.585295111658,-84.219263020328
2805,"EMPORIA, VA",Supercenter,303 MARKET DR,EMPORIA,VA,23847,Y,,,,1,,9,36.702905479643,-77.543843599685
2810,"SPENCER, WV",Supercenter,97 WILLIAMS DR,SPENCER,WV,25276,Y,,,,1,,9,38.796855551745,-81.35218106972
2812,"ROCHESTER (S), MN",Supercenter,25 25TH ST SE,ROCHESTER,MN,55904,Y,,,,1,,9,43.985560395434,-92.461826885897
2813,"MARSHFIELD, WI",Supercenter,2001 N CENTRAL AVE,MARSHFIELD,WI,54449,Y,,,,1,,9,44.687869113829,-90.157843844674
2817,"LANSING, IL",Supercenter,17625 TORRENCE AVE,LANSING,IL,60438,Y,,,,1,,9,41.574334974237,-87.558757711925
2820,"WORTHINGTON, MN",Supercenter,1055 RYANS RD,WORTHINGTON,MN,56187,Y,,,,1,,9,43.634879873465,-95.59755564008
2821,RICHMOND(CHIPPENHAM) VA,Supercenter,2410 SHEILA LN,RICHMOND,VA,23225,Y,,,,1,,9,37.536324239517,-77.533013220031
2823,"PARKERSBURG, (S) WV",Supercenter,2900 PIKE ST,PARKERSBURG,WV,26101,Y,Y,,,2,,9,39.227597662397,-81.541010426733
2826,COACHELLA CA,Neighborhood Market,83053 AVENUE 48,COACHELLA,CA,92236,Y,,,,1,,9,33.700293776078,-116.215273613999
2828,"MILWAUKEE (S), WI",Supercenter,3355 S 27TH ST,MILWAUKEE,WI,53215,Y,,,,1,,9,42.982575861348,-87.94852498707
2830,"EDDYSTONE, PA",Wal-Mart,1570 CHESTER PIKE,EDDYSTONE,PA,19022,Y,,,,1,,9,39.865858429857,-75.342583112692
2833,"GRAFTON, WV",Supercenter,1 WALMART LN,GRAFTON,WV,26354,Y,,,,1,,9,39.3409249,-80.0189659
2835,SAN ANTONIO GILBEAU TX,Neighborhood Market,9006 GUILBEAU ROAD,SAN ANTONIO,TX,78250,,,,,0,Y,9,29.5054,-98.6688
2840,BRUNSWICK ALTAMA GA,Neighborhood Market,11 GLYNN PLAZA,BRUNSWICK,GA,31520,Y,,,,1,,9,31.1499528,-81.4914894
2846,"OLIVE BRANCH, MS",Supercenter,7950 CRAFT GOODMAN FRONTAGE RD,OLIVE BRANCH,MS,38654,Y,,,,1,,9,34.963256368413,-89.851374000585
2849,"MASON, WV",Supercenter,320 MALLARD LANE,MASON,WV,25260,,Y,,,1,,9,38.7499013,-82.052456
2852,"MOUNDSVILLE, WV",Supercenter,10 WALMART DR,MOUNDSVILLE,WV,26041,Y,,,Y,2,,9,39.92935242543,-80.749424805618
2853,"LA PLATA, MD",Wal-Mart,40 DRURY DR,LA PLATA,MD,20646,Y,,,,1,,9,38.550265369042,-76.984319365427
2857,"KANSAS CITY (NW), MO",Supercenter,8551 N BOARDWALK AVE,KANSAS CITY,MO,64154,Y,,Y,,2,,9,39.251525040075,-94.656206771849
2864,"SAN ANTONIO, TX",Supercenter,6703 W LOOP 1604 N,SAN ANTONIO,TX,78254,Y,,,,1,,9,29.4246002,-98.4951405
2870,MYRTLE BEACH KINGS SC,Neighborhood Market,3915 N KINGS HWY,MYRTLE BEACH,SC,29577,,,,,0,Y,9,33.6994,-78.9137
2872,VAN BUREN TOWNSHIP MI,Supercenter,10562 BELLEVILLE RD,VAN BUREN TWP,MI,48111,,,,Y,1,,9,42.225251764597,-83.485051345377
2877,OKLAHOMA CITY (NW) OK,Neighborhood Market,11101 N ROCKWELL AVE,OKLAHOMA CITY,OK,73162,,,,,0,Y,9,35.5806,-97.6419
2886,PICO RIVERA CA,Supercenter,8500 WASHINGTON BLVD,PICO RIVERA,CA,90660,Y,,,,1,,9,33.98700460618,-118.104322647624
2889,"CLINTON, IA",Supercenter,2715 S 25TH ST,CLINTON,IA,52732,Y,,,,1,,9,41.818206863452,-90.244257100072
2890,MACON (N) GA,Supercenter,5955 ZEBULON RD,MACON,GA,31210,Y,,,,1,,9,32.87991715365,-83.759397525911
2891,"ODESSA (W), TX",Supercenter,2450 NW LOOP 338,ODESSA,TX,79763,,,,,0,Y,9,31.8341,-102.4162
2893,"INDEPENDENCE, KS",Supercenter,121 PETER PAN RD,INDEPENDENCE,KS,67301,Y,,,,1,,9,37.225846467721,-95.742574172754
2894,"OAKLAND, MD",Supercenter,13164 GARRETT HWY,OAKLAND,MD,21550,Y,,,,1,,9,39.4339,-79.3167
2899,"AVON, CT",Wal-Mart,255 W MAIN ST,AVON,CT,06001,Y,,,,1,,9,41.811954375801,-72.850878829362
2904,"BROCKTON, MA",Wal-Mart,700 OAK ST,BROCKTON,MA,02301,Y,,,,1,,9,42.101269579094,-71.055753496901
2906,"RIVERHEAD, NY",Wal-Mart,1890 OLD COUNTRY RD,RIVERHEAD,NY,11901,Y,,,,1,,9,40.925930114581,-72.693427066134
2908,"BISCOE, NC",Supercenter,201 MONTGOMERY XING,BISCOE,NC,27209,,,,,0,Y,9,35.3599,-79.7798
2909,"CORRY, PA",Supercenter,961 E COLUMBUS AVE,CORRY,PA,16407,Y,,,,1,,9,41.932440779472,-79.612201976644
2910,SALEM OH 11-11-02,Supercenter,2875 E STATE ST,SALEM,OH,44460,,Y,Y,,2,,9,40.901365475033,-80.818543201678
2911,"CENTRAL SQUARE, NY",Supercenter,3018 EAST AVE,CENTRAL SQUARE,NY,13036,Y,,,,1,,9,43.284981044108,-76.139855626836
2914,"MASSILLON, OH",Supercenter,1 MASSILLON MARKETPLACE DR SW,MASSILLON,OH,44646,Y,Y,,,2,,9,40.767478406384,-81.522342942404
2917,ISLANDIA NY,Wal-Mart,1850 VETERANS HWY,ISLANDIA,NY,11749,,,,,0,Y,9,40.8067,-73.1709
2919,MONROE U OF LA MONROE LA,Neighborhood Market,4430 DESIARD STREET,MONROE,LA,71203,,,,,0,Y,9,32.553,-92.0422
2923,"BILLINGS, MT",Supercenter,1649 MAIN ST,BILLINGS,MT,59105,Y,,,Y,2,,9,45.7874957,-108.49607
2924,"ALBUQUERQUE (W), NM",Supercenter,2550 COORS BLDV. NW,ALBUQUERQUE,NM,87120,Y,,,,1,,9,35.112839744094,-106.701940106887
2929,"HOPE MILLS, NC",Supercenter,3030 N MAIN ST,HOPE MILLS,NC,28348,Y,,,,1,,9,34.9827620642,-78.963976443009
2931,SALISBURY MD,Supercenter,409 N FRUITLAND BLVD,SALISBURY,MD,21801,Y,,,,1,,9,38.366027,-75.6009964
2934,"PARIS, IL",Supercenter,15150 US HIGHWAY 150,PARIS,IL,61944,,,,,0,Y,9,39.6132,-87.6976
2935,"KNOXVILLE, IA",Supercenter,814 W BELL AVE,KNOXVILLE,IA,50138,Y,,,,1,,9,41.306085059174,-93.105343312827
2937,"HIBBING, MN",Supercenter,12080 HIGHWAY 169 W,HIBBING,MN,55746,,,,,0,Y,9,47.4156,-92.9356
2938,"LAFAYETTE (S), LA",Supercenter,2428 W PINHOOK RD,LAFAYETTE,LA,70508,Y,,,,1,,9,30.1582,-92.0236
2940,WEST MONROE STOCKYARDS LA,Neighborhood Market,5251 CYPRESS STREET,WEST MONROE,LA,71291,Y,,,,1,,9,32.515955245575,-92.188843096465
2944,DELAND FL,Neighborhood Market,955 S WOODLAND BLVD,DELAND,FL,32720,,,,,0,Y,9,29.0266,-81.3349
2948,SANTA FE SPRINGS CA,Supercenter,13310 TELEGRAPH RD,SANTA FE SPRINGS,CA,90670,Y,,,,1,,9,33.941688124015,-118.04900262172
2955,KANSAS CITY MO,Supercenter,1701 W 133RD ST,KANSAS CITY,MO,64145,Y,,,,1,,9,38.886568758471,-94.603908187015
2957,"DETROIT LAKES, MN",Supercenter,1583 HIGHWAY 10 W,DETROIT LAKES,MN,56501,Y,,,,1,,9,46.828293935442,-95.876420413141
2959,ROSEVILLE,Supercenter,28804 GRATIOT AVE,ROSEVILLE,MI,48066,,,,,0,Y,9,42.5034,-82.9387
2965,"NEWINGTON, CT",Wal-Mart,3164 BERLIN TPKE,NEWINGTON,CT,06111,,,,,0,Y,9,41.686,-72.7296
2968,"CARROLLTON, KY",Supercenter,200 FLOYD DR,CARROLLTON,KY,41008,,,,,0,Y,9,38.6696,-85.173
2973,"MURPHY, TX",Supercenter,115 WEST FM 544,MURPHY,TX,75094,Y,,,,1,,9,33.011709506731,-96.613509837109
2974,RICHARDSON TX,Neighborhood Market,1501 BUCKINGHAM RD,RICHARDSON,TX,75081,,,,,0,Y,9,32.9462,-96.7058
2975,"GARLAND, TX",Neighborhood Market,3959 BROADWAY BLVD,GARLAND,TX,75043,,,,,0,Y,9,32.8565,-96.5999
2976,"MESQUITE, TX",Neighborhood Market,915 N TOWN EAST BLVD,MESQUITE,TX,75150,,,,,0,Y,9,32.8154,-96.6307
2983,,,,,,,,,,,0,Y,9,,
2988,"LA FAYETTE, GA",Supercenter,2625 N HWY 27,LA FAYETTE,GA,30728,,,,,0,Y,9,34.692,-85.2602
2990,"MITCHELL, SD",Supercenter,1101 E SPRUCE ST,MITCHELL,SD,57301,Y,,,,1,,9,43.687532777307,-98.01038972322
2992,"CORNING, NY",Supercenter,3217 SILVERBACK LN,PAINTED POST,NY,14870,Y,,,,1,,9,42.1620186,-77.0941366
3004,CHICAGO CICERO IL,Supercenter,3320 S CICERO AVE,CICERO,IL,60804,,,,,0,Y,9,41.8378,-87.7602
3014,DALLAS S TX,Supercenter,200 SHORT BLVD,DALLAS,TX,75232,Y,,,,1,,9,32.685776771644,-96.824396463864
3015,PLEASANT GROVE TX,Neighborhood Market,2827 S BUCKNER BLVD,DALLAS,TX,75227,,,,,0,Y,9,32.7672,-96.6836
3017,SPRING HILL TN,Supercenter,4959 MAIN ST,SPRING HILL,TN,37174,Y,,,Y,2,,9,35.751179,-86.9300023
3019,THORNTON 88TH CO,Neighborhood Market,850 E 88TH AVE,THORNTON,CO,80229,,,,,0,Y,9,39.8671,-104.9227
3022,STOCKTON MARCH LN CA,Neighborhood Market,1189 E MARCH LN,STOCKTON,CA,95210,Y,,,,1,,9,38.001798738001,-121.292067836832
3042,COVINGTON LA,Neighborhood Market,2800 N HWY 190,COVINGTON,LA,70433,Y,,,,1,,9,30.4753525,-90.1010474
3044,FORT WORTH SE TX,Supercenter,2900 RENAISSANCE SQUARE,FORT WORTH,TX,76105,Y,,,,1,,9,32.712335431491,-97.28509194365
3047,TURLOCK C CA,Neighborhood Market,2480 GEER ROAD,TURLOCK,CA,95382,Y,,,Y,2,,9,37.515351935184,-120.84880347343
3058,SAN ANTONIO TX,Supercenter,918 BANDERA RD,SAN ANTONIO,TX,78228,Y,,,,1,,9,29.457442919815,-98.555125581946
3059,CANTON MS,Supercenter,244 FEATHER LN,CANTON,MS,39046,Y,,,,1,,9,32.612602,-90.0367512
3060,YAZOO CITY MS,Supercenter,2129 GRAND AVE,YAZOO CITY,MS,39194,Y,,,,1,,9,32.87534693496,-90.393880340968
3067,NORCROSS E GA,Supercenter,4975 JIMMY CARTER BLVD,NORCROSS,GA,30093,Y,,,,1,,9,33.89464605626,-84.196591700808
3070,DUNWOODY PEELER GA,Neighborhood Market,5025 WINTERS CHAPEL RD,DUNWOODY,GA,30360,,,,,0,Y,9,33.9378,-84.2716
3071,TUCKER PLEASANTDALE GA,Neighborhood Market,3201 TUCKER NORCROSS RD,TUCKER,GA,30084,Y,,,,1,,9,33.882837741187,-84.219659169745
3084,ESCONDIDO VALLEY CA,Neighborhood Market,1266 E VALLEY PKWY,ESCONDIDO,CA,92027,,,,,0,Y,9,33.1388,-117.052
3087,OXNARD CA,Wal-Mart,2701 SAVIERS RD,OXNARD,CA,93033,,,,,0,Y,9,34.1685,-119.1717
3088,ST CLOUD MN,Supercenter,3601 2ND ST SOUTH,ST CLOUD,MN,56301,Y,,,,1,,9,45.549765743714,-94.202074147422
3093,MERIDIAN S ID,Supercenter,795 W OVERLAND RD,MERIDIAN,ID,83642,Y,,,Y,2,,9,43.590023769815,-116.403475693603
3106,SAN ANTONIO CITY SOUTH TX,Supercenter,8538 INTERSTATE HWY 35 S,SAN ANTONIO,TX,78211,Y,,,,1,,9,29.34128798779,-98.554905348562
3110,CHICAGO ENGLEWOOD 76TH &,Neighborhood Market,7535 S ASHLAND AVE,CHICAGO,IL,60620,,,,,0,Y,9,41.7411,-87.6543
3112,SAN ANTONIO FOSTER TX,Supercenter,4096 N FOSTER RD,SAN ANTONIO,TX,78244,Y,,,,1,,9,29.467077954851,-98.359337335198
3127,DENVER CHAMBERS CO,Neighborhood Market,5141 CHAMBERS RD,DENVER,CO,80239,,,,,0,Y,9,39.7878,-104.8288
3129,,,,,,,Y,,,,1,,9,33.9747067,-117.566541
3131,RIALTO CA,Neighborhood Market,300 W BASE LINE RD,RIALTO,CA,92376,,,,,0,Y,9,34.1132,-117.3771
3135,FORT WORTH TX,Neighborhood Market,717 W BERRY ST,FORT WORTH,TX,76110,,,,,0,Y,9,32.7065,-97.3375
3140,BAKERSFIELD DAY CA,Neighborhood Market,3111 NORTH CHESTER,BAKERSFIELD,CA,93308,,,,,0,Y,9,35.4244,-119.0433
3141,BAKERSFIELD OSWELL CA,Neighborhood Market,5037 E BRUNDAGE LN,BAKERSFIELD,CA,93307,Y,,,,1,,9,35.354127651568,-118.948877128148
3146,CORVALLIS OR,Neighborhood Market,1840 NW 9TH ST,CORVALLIS,OR,97330,Y,,,,1,,9,44.58488689961,-123.257170387656
3151,OMAHA 50TH & AMES NE,Supercenter,5018 AMES AVE,OMAHA,NE,68104,,,,,0,Y,9,41.2919,-95.9999
3153,OMAHA 168TH ST & HARRISON,Neighborhood Market,6710 S 167TH ST,OMAHA,NE,68135,Y,,,,1,,9,41.192900928771,-96.175721488476
3156,HAMPTON MERCURY VA,Neighborhood Market,117 MARKETPLACE DRIVE,HAMPTON,VA,23666,Y,,,,1,,9,37.037057698594,-76.399625450462
3157,NEWPORT NEWS HARPERSVILLE,Neighborhood Market,11214 JEFFERSON AVE,NEWPORT NEWS,VA,23601,,,,,0,Y,9,37.058,-76.4607
3167,NEW ORLEANS GENTILLY,Supercenter,4301 CHEF MENTEUR HWY,NEW ORLEANS,LA,70126,Y,,,,1,,9,30.004791993318,-90.038115686931
3170,ELGIN TX,Supercenter,1320 W HWY 290,ELGIN,TX,78621,Y,,,,1,,9,30.350407678122,-97.386275779561
3172,OMAHA 50TH ST & L ST NE,Neighborhood Market,5051 L ST,OMAHA,NE,68117,,,,,0,Y,9,41.2064,-95.9953
3183,HOMESTEAD FL,Neighborhood Market,1499 SOUTH DIXIE HWY,HOMESTEAD,FL,33033,,,,,0,Y,9,25.4906,-80.438
3188,STONE MOUNTAIN W GA,Supercenter,5935 MEMORIAL DR,STONE MOUNTAIN,GA,30083,Y,,,,1,,9,33.800938482762,-84.1953314799
3199,PLANO PARK & SHILOH TX,Neighborhood Market,3513 E PARK BLVD,PLANO,TX,75074,,Y,,,1,,9,33.031083654013,-96.666192953372
3201,"MCDONOUGH, GA",Supercenter,135 WILLOW LN,MCDONOUGH,GA,30253,Y,,,,1,,9,33.431786848082,-84.178973402369
3204,CEDAR HILL BELT LINE TX,Neighborhood Market,820 E BELT LINE RD,CEDAR HILL,TX,75104,,,,,0,Y,9,32.5885,-96.9438
3206,LIMA OH,Supercenter,2400 HARDING HWY,LIMA,OH,45804,Y,,,,1,,9,40.730669488451,-84.061605229309
3212,EGG HARBOR NJ,Supercenter,6801 BLACK HORSE PIKE,EGG HBR TWP,NJ,08234,,,,,0,Y,9,39.3741,-74.6118
3214,"SUFFOLK (N), VA",Supercenter,6259 COLLEGE DR,SUFFOLK,VA,23435,Y,,,,1,,9,36.881461211679,-76.425657187841
3217,"OTHELLO, WA",Supercenter,1860 E MAIN ST,OTHELLO,WA,99344,,Y,,,1,,9,46.8259742,-119.175291
3222,CLEMSON SC,Supercenter,1286 EIGHTEEN MILE RD,CENTRAL,SC,29630,Y,,,,1,,9,34.707880968749,-82.759946419513
3223,"CHIPPEWA, PA",Supercenter,100 CHIPPEWA TOWN CTR,BEAVER FALLS,PA,15010,,Y,Y,,2,,9,40.763005308797,-80.347227896418
3229,"VERNON, TX",Supercenter,3800 US HIGHWAY 287 W,VERNON,TX,76384,Y,,,,1,,9,34.162175398227,-99.31078409385
3231,GREENWOOD AR 11-11-02,Supercenter,551 LIBERTY DR,GREENWOOD,AR,72936,Y,,,,1,,9,35.220238499027,-94.295890000016
3233,"BEMIDJI, MN",Supercenter,2025 PAUL BUNYAN DR NW,BEMIDJI,MN,56601,Y,,,,1,,9,47.495319025639,-94.909166904832
3234,"ROGERSVILLE, TN",Supercenter,4331 HIGHWAY 66 S,ROGERSVILLE,TN,37857,,,,,0,Y,9,36.4162,-83.0108
3245,"HAYWARD, WI",Supercenter,15594 STATE HIGHWAY 77,HAYWARD,WI,54843,,,,,0,Y,9,45.9552,-91.2783
3250,AURORA OH,Supercenter,7235 MARKET PLACE DR,AURORA,OH,44202,Y,,,Y,2,,9,41.317555,-81.345386
3252,"BOOTHWYN, PA",Wal-Mart,605 CONCHESTER HWY,BOOTHWYN,PA,19061,Y,,,,1,,9,39.849301302625,-75.441693278553
3255,SAVOY IL,Supercenter,505 S DUNLAP AVE,SAVOY,IL,61874,,,,Y,1,,9,40.049847954545,-88.252276730297
3259,"MISSOULA, MT",Supercenter,3555 MULLAN RD,MISSOULA,MT,59808,Y,,,,1,,9,46.885758052559,-114.046715976972
3265,"TABB, VA",Supercenter,2601 GEORGE WASHINGTON MEMORIA,YORKTOWN,VA,23693,Y,,,,1,,9,37.120943528623,-76.457156289583
3268,"ANTIGO, WI",Supercenter,200 E STATE HIGHWAY 64,ANTIGO,WI,54409,Y,,,,1,,9,45.1404664,-89.1524959
3269,"MEXICO, ME",Supercenter,258 RIVER RD,MEXICO,ME,04257,,,,,0,Y,9,44.5628,-70.5358
3270,"WYTHEVILLE, VA",Supercenter,345 COMMONWEALTH DR,WYTHEVILLE,VA,24382,,Y,,,1,,9,36.956792769939,-81.099215826556
3271,"CALERA, AL",Supercenter,5100 HIGHWAY 31,CALERA,AL,35040,Y,Y,Y,,3,,9,33.147891690009,-86.749295440712
3276,SAN BERNARDINO CA,Wal-Mart,4001 HALLMARK PKWY,SAN BERNARDINO,CA,92407,Y,,,,1,,9,34.16413854207,-117.336252398265
3279,"SAN ANTONIO (SE), TX",Supercenter,2100 SE LOOP 410,SAN ANTONIO,TX,78220,Y,Y,,,2,,9,29.516805552902,-98.525960293699
3281,HARBORCREEK PA,Supercenter,5741 BUFFALO RD,HARBORCREEK,PA,16421,Y,,,,1,,9,42.16161253558,-79.967369329803
3282,"LOGAN, OH",Supercenter,12910 STATE ROUTE 664 S,LOGAN,OH,43138,Y,,,,1,,9,39.540650158431,-82.439638553145
3288,"BATON ROUGE, LA",Supercenter,10200 SULLIVAN RD,BATON ROUGE,LA,70818,Y,,,,1,,9,30.54101473799,-91.028110374465
3289,"WEST JEFFERSON, NC",Supercenter,1489 MOUNT JEFFERSON RD,WEST JEFFERSON,NC,28694,Y,,,,1,,9,36.389260384082,-81.482357643551
3298,"HOUSTON, TX",Supercenter,255 FM 518 RD,KEMAH,TX,77565,Y,Y,,,2,,9,29.5427297,-95.0204837
3301,"PROVIDENCE, RI",Wal-Mart,51 SILVER SPRING ST,PROVIDENCE,RI,02904,Y,Y,Y,Y,4,,9,41.845973723123,-71.417027976163
3302,"HOUSTON (W TOLLWAY), TX",Supercenter,9460 W SAM HOUSTON PKWY S,HOUSTON,TX,77099,Y,Y,,,2,,9,29.7589382,-95.3676974
3303,"GRUNDY, VA",Supercenter,1179 RIVERVIEW ST,GRUNDY,VA,24614,,,,,0,Y,9,37.2967,-82.1061
3304,"REIDSVILLE, NC",Supercenter,1624 NC 14 HWY,REIDSVILLE,NC,27320,Y,,,,1,,9,36.38314022769,-79.663433864909
3305,"MAYODAN, NC",Supercenter,6711 NC HIGHWAY 135,MAYODAN,NC,27027,Y,,,,1,,9,36.4123597,-79.9669857
3309,"JACKSONVILLE(CLINTON), FL",Supercenter,4250 PHILLIPS HWY,JACKSONVILLE,FL,32207,Y,,,,1,,9,30.27763620267,-81.658091255859
3314,"GLENDALE, AZ",Neighborhood Market,7450 W GLENDALE AVE,GLENDALE,AZ,85303,,,,,0,Y,9,33.5262,-112.2149
3317,"ALBUQUERQUE, NM",Neighborhood Market,8511 GOLF COURSE RD NW,ALBUQUERQUE,NM,87114,Y,,,,1,,9,35.180550465271,-106.687817352661
3319,"HARKER HEIGHTS, TX",Supercenter,2020 HEIGHTS DR,HARKER HEIGHTS,TX,76548,Y,,,,1,,9,31.068792354944,-97.671278212903
3324,"SHEBOYGAN (N), WI",Supercenter,4433 VANGUARD DR,SHEBOYGAN,WI,53083,Y,Y,Y,,3,,9,43.791799836416,-87.769235155487
3329,"POTSDAM, NY",Supercenter,7494 US HIGHWAY 11,POTSDAM,NY,13676,Y,,,Y,2,,9,44.664793558288,-75.028201135196
3331,"PINE BLUFF, AR",Supercenter,5501 S OLIVE ST,PINE BLUFF,AR,71603,Y,,,,1,,9,34.175076860984,-92.006399915833
3332,"FULTON, NY",Supercenter,1818 STATE ROUTE 3,FULTON,NY,13069,Y,Y,,,2,,9,43.325038489589,-76.444956928439
3334,"MALONE, NY",Supercenter,3222 STATE ROUTE 11,MALONE,NY,12953,Y,Y,Y,,3,,9,44.847255499572,-74.328258405325
3337,"RIO GRANDE, NJ",Supercenter,3159 ROUTE 9 SOUTH,RIO GRANDE,NJ,08242,Y,,,,1,,9,39.021424712592,-74.870023811611
3338,SPARTANBURG CEDAR SPRINGS,Neighborhood Market,203 CEDAR SPRINGS RD,SPARTANBURG,SC,29302,Y,,,,1,,9,34.920391163113,-81.886510297845
3348,"LAKE PARK (P.B.GARD), FL",Supercenter,101 N CONGRESS AVE,LAKE PARK,FL,33403,Y,,,,1,,9,26.793920235918,-80.085665839433
3355,"LAS VEGAS (LAMB), NV",Neighborhood Market,1400 S LAMB BLVD,LAS VEGAS,NV,89104,,,,,0,Y,9,36.152,-115.1092
3366,"CENTERVILLE, UT",Supercenter,221 W PARRISH LN,CENTERVILLE,UT,84014,Y,Y,,,2,,9,40.92144765738,-111.887155793621
3371,"CHARLOTTE (W), NC",Supercenter,3240 WILKINSON BLVD,CHARLOTTE,NC,28208,Y,Y,Y,,3,,9,35.224453591977,-80.894371958992
3377,TUCSON (CARDINAL) AZ,Neighborhood Market,2823 W VALENCIA RD,TUCSON,AZ,85746,Y,,,,1,,9,32.13373167827,-111.027459661499
3380,PASCO WA,Supercenter,4820 N ROAD 68,PASCO,WA,99301,Y,,,,1,,9,46.2306739,-119.0921
3381,SWEETWATER TX,Supercenter,407 NE GEORGIA AVE,SWEETWATER,TX,79556,,,,,0,Y,9,32.4726,-100.3979
3382,PUEBLO WEST CO,Supercenter,78 N MCCULLOCH BLVD,PUEBLO WEST,CO,81007,Y,Y,Y,,3,,9,38.338919308423,-104.742219569741
3384,HEREFORD (NW) TX,Supercenter,300 W 15TH ST,HEREFORD,TX,79045,Y,,,,1,,9,34.836962835309,-102.422939897359
3385,ALBUQUERQUE (SAGE) NM,Neighborhood Market,9600 SAGE RD SW,ALBUQUERQUE,NM,87121,,,,,0,Y,9,35.0512,-106.7269
3386,SPRINGVILLE AL,Supercenter,160 SPRINGVILLE STATION BLVD,SPRINGVILLE,AL,35146,Y,,,,1,,9,33.7750997,-86.4716512
3388,LAWRENCEVILLE (S) GA,Supercenter,1400 LAWRENCEVILLE HWY,LAWRENCEVILLE,GA,30044,Y,,,,1,,9,33.938313316107,-84.027911060951
3389,SNELLVILLE (S) GA,Supercenter,3435 CENTERVILLE HWY,SNELLVILLE,GA,30039,Y,,Y,,2,,9,33.803226441044,-84.043003452862
3394,"ATLANTIC, IA",Supercenter,1905 E 7TH ST,ATLANTIC,IA,50022,,,,,0,Y,9,41.4003,-95.0101
3395,SOUTH GRAND ISLAND,Supercenter,3501 S LOCUST ST,GRAND ISLAND,NE,68801,Y,Y,,,2,,9,40.879923135874,-98.339560039388
3402,STOCKBRIDGE (S) GA,Supercenter,1400 HUDSON BRIDGE RD,STOCKBRIDGE,GA,30281,Y,,,,1,,9,33.503944300573,-84.238078235339
3412,"ELIZABETHVILLE, PA",Supercenter,200 KOCHER LN,ELIZABETHVILLE,PA,17023,Y,,,,1,,9,40.557101682649,-76.79005077792
3425,HOUSTON (ALMEDA GENOA) TX,Supercenter,9598 ROWLETT RD,HOUSTON,TX,77075,Y,Y,,,2,,9,29.630703203677,-95.234353631009
3428,"FARMINGTON, NM",Supercenter,1400 W MAIN ST,FARMINGTON,NM,87401,,,,,0,Y,9,36.7412,-108.1797
3429,WARREN PA,Supercenter,2901 MARKET ST,WARREN,PA,16365,Y,,,,1,,9,41.879961947974,-79.150082672803
3432,"DESOTO, TX",Supercenter,951 W BELT LINE RD,DESOTO,TX,75115,Y,,,Y,2,,9,32.589843598003,-96.879022638565
3433,RED OAK TX,Supercenter,100 S RYAN DR,RED OAK,TX,75154,Y,,,,1,,9,32.533722208192,-96.817311796731
3439,"NAVARRE, FL",Supercenter,9360 NAVARRE PKWY,NAVARRE,FL,32566,Y,Y,,,2,,9,30.40983667658,-86.831527634267
3445,"HOLLAND, OH",Supercenter,1355 S MCCORD RD,HOLLAND,OH,43528,Y,Y,,,2,,9,41.616508107336,-83.703332636241
3447,WHITEHALL OH,Supercenter,3657 E MAIN ST,WHITEHALL,OH,43213,Y,Y,,,2,,9,39.956104371568,-82.900403915197
3449,KILLEEN E TX,Neighborhood Market,3801 E STAN SCHLUETER LOOP,KILLEEN,TX,76542,,,,,0,Y,9,31.0376,-97.6809
3450,KILLEEN W TX,Neighborhood Market,2900 CLEAR CREEK ROAD,KILLEEN,TX,76549,Y,,,,1,,9,31.108377252132,-97.801361254333
3452,"HOUSTON(RIPPLE), TX",Neighborhood Market,4810 HIGHWAY 6 N,HOUSTON,TX,77084,,,,,0,Y,9,29.844,-95.6623
3454,PERRY(BRIGHAM CITY) UT,Supercenter,1200 S COMMERCE WAY,PERRY,UT,84302,Y,Y,Y,,3,,9,41.484095598429,-112.028473617924
3457,"TULSA, OK",Neighborhood Market,3116 S GARNETT RD,TULSA,OK,74146,,,,,0,Y,9,36.1093,-95.8506
3458,WHITEHALL MI,Supercenter,2755 HOLTON-WHITEHALL ROAD,WHITEHALL,MI,49461,Y,,,,1,,9,43.409913050204,-86.309535767705
3465,GLENDALE AZ 11-12-02,Supercenter,5010 N 95TH AVE,GLENDALE,AZ,85305,Y,,,,1,,9,33.508855264223,-112.263912212679
3480,"LEBANON, VA",Supercenter,1050 REGIONAL PARK RD,LEBANON,VA,24266,Y,,,,1,,9,36.8809,-82.0956
3486,ATHENS OH,Supercenter,929 E STATE ST,ATHENS,OH,45701,Y,,,,1,,9,39.336903727724,-82.069728992338
3489,"GOLDEN RING, MD",Supercenter,6420 PETRIE WAY,BALTIMORE,MD,21237,Y,,,,1,,9,39.335209348387,-76.488531849088
3491,"METHUEN, MA",Wal-Mart,70 PLEASANT VALLEY ST,METHUEN,MA,01844,Y,,,,1,,9,42.732495162188,-71.180509069908
3494,SAN MARCOS CA EF,Wal-Mart,732 CENTER DR,SAN MARCOS,CA,92069,Y,,,Y,2,,9,33.136356532666,-117.122496211398
3501,"ELVERSON, PA",Supercenter,100 CROSSINGS BLVD,ELVERSON,PA,19520,Y,,Y,,2,,9,40.154352765,-75.861400041486
3503,"THOMASVILLE, NC",Supercenter,1585 LIBERTY DR STE 1,THOMASVILLE,NC,27360,Y,,,,1,,9,35.856409978093,-80.068339667212
3508,"TULSA, OK",Neighborhood Market,1770 S ELM PL,BROKEN ARROW,OK,74012,Y,,,,1,,9,36.033604139463,-95.797569368169
3509,"HOUSTON, TX",Neighborhood Market,11755 BEECHNUT ST,HOUSTON,TX,77072,,,,,0,Y,9,29.699,-95.5862
3514,"BRADFORD, PA",Supercenter,50 FOSTER BROOK BLVD,BRADFORD,PA,16701,Y,,,,1,,9,41.979543120035,-78.616751474432
3515,HILLSBORO OH,Supercenter,540 HARRY SAUNER RD,HILLSBORO,OH,45133,,,,,0,Y,9,39.1679,-83.6064
3522,"BALDWIN PARK, CA",Supercenter,3250 BIG DALTON AVE,BALDWIN PARK,CA,91706,Y,,,,1,,9,34.072746934928,-117.963436181739
3528,"WIGGINS, MS",Supercenter,1053 FRONTAGE DR E,WIGGINS,MS,39577,Y,,,,1,,9,30.8609,-89.1324
3529,LAWRENCE IN,Supercenter,10735 PENDLETON PIKE,INDIANAPOLIS,IN,46236,Y,,,,1,,9,39.860147943863,-85.977451190435
3533,DENVER CO,Supercenter,7800 SMITH RD,DENVER,CO,80207,Y,,,Y,2,,9,39.770899961699,-104.897013378794
3542,"HOUSTON, TX",Neighborhood Market,11242 S GESSNER DR,HOUSTON,TX,77071,,,,,0,Y,9,29.6518,-95.5176
3548,WATERBURY (REIDVILLE),Wal-Mart,910 WOLCOTT ST,WATERBURY,CT,06705,Y,,,Y,2,,9,41.565411307122,-73.0084437043
3560,FALL RIVER (S),Supercenter,638 QUEQUECHAN STREET,FALL RIVER,MA,02721,Y,,,,1,,9,41.686812955888,-71.141904912048
3564,HORSHAM PA,Supercenter,2101 BLAIR MILL RD,WILLOW GROVE,PA,19090,Y,,,,1,,9,40.156929953792,-75.143048368427
3566,"AURORA(DENVER SE),CO",Supercenter,9400 E HAMPDEN AVE,DENVER,CO,80231,Y,Y,,,2,,9,39.7392364,-104.984862
3567,HIDALGO TX,Supercenter,3000 S JACKSON RD,HIDALGO,TX,78557,Y,,,,1,,9,26.3530256,-98.216445
3568,WEST VALLEY CITY UT,Supercenter,3180 S 5600 W,WEST VALLEY CITY,UT,84120,Y,,,,1,,9,40.702327652667,-112.02495487727
3572,PEARLAND TX 11-12-02,Supercenter,10505 BROADWAY ST,PEARLAND,TX,77584,Y,,,,1,,9,29.556033332966,-95.382177411818
3581,ZANESVILLE (S) OH,Supercenter,2850 MAYSVILLE PIKE,ZANESVILLE,OH,43701,Y,,,,1,,9,39.893078013101,-82.043842260007
3584,"HOUSTON (GALLERIA), TX",Supercenter,5405 SOUTH RICE AVENUE,HOUSTON,TX,77081,Y,Y,,,2,,9,29.723456050777,-95.468087369925
3585,WOODLANDS E TX,Supercenter,2901 RILEY FUZZEL RD,SPRING,TX,77386,Y,,,Y,2,,9,30.070979,-95.401342
3588,DUMFRIES VA,Supercenter,17041 RICHMOND HWY,DUMFRIES,VA,22026,,,,,0,Y,9,38.5669,-77.2921
3593,"HORNLAKE, MS",Neighborhood Market,2401 GOODMAN RD W,HORN LAKE,MS,38637,,,,,0,Y,9,34.9519,-90.0507
3595,FAYETTEVILLE NC,Supercenter,7701 S RAEFORD RD,FAYETTEVILLE,NC,28304,Y,,,,1,,9,35.028312758836,-79.053960516493
3596,"LOS LUNAS, NM",Supercenter,2250 MAIN ST NW,LOS LUNAS,NM,87031,Y,,,,1,,9,34.80403836223,-106.706126662878
3600,FAYETTEVILLE STRICKLAND B,Neighborhood Market,970 STRICKLAND BRIDGE ROAD,FAYETTEVILLE,NC,28304,Y,,,,1,,9,35.039219003168,-78.997353534102
3607,ALBION NY,Supercenter,13858 STATE ROUTE 31,ALBION,NY,14411,Y,,,,1,,9,43.235957591136,-78.226286037131
3608,"NORTH MADISON, OH",Supercenter,6067 N RIDGE RD,MADISON,OH,44057,Y,,,,1,,9,41.802086831024,-81.0706604815
3611,"MARIETTA, GA",Supercenter,6520 EARNEST BARRETT PARKWAY,MARIETTA,GA,30064,,Y,,,1,,9,33.9528472,-84.5496148
3612,BURLINGTON (N) NC,Supercenter,530 S GRAHAM HOPEDALE RD,BURLINGTON,NC,27217,Y,Y,,,2,,9,36.091843586625,-79.405981237988
3614,ROANOKE DALE AVE VA,Neighborhood Market,2141 DALE AVE,ROANOKE,VA,24013,Y,,,,1,,9,37.274000818158,-79.91068580969
3616,"AMITE, LA",Supercenter,1200 W OAK ST,AMITE,LA,70422,,Y,,,1,,9,30.726482719419,-90.527912037547
3617,"ORLANDO (CURRY FRD.E), FL",Neighborhood Market,600 S ALAFAYA TRL,ORLANDO,FL,32828,Y,,,,1,,9,28.537101240968,-81.207916804533
3623,LAREDO (S) TX,Supercenter,4401 HIGHWAY 83 SOUTH,LAREDO,TX,78046,,,,,0,Y,9,27.4047,-99.4743
3625,LAUDERDALE LAKES FL,Supercenter,3001 N STATE ROAD 7,LAUDERDALE LAKES,FL,33313,Y,Y,,,2,,9,26.16162081231,-80.203188411149
3632,"SANDUSKY, MI",Supercenter,655 W SANILAC RD,SANDUSKY,MI,48471,Y,Y,,,2,,9,43.420711428222,-82.855420133266
3633,WAYNESBORO PA,Supercenter,12751 WASHINGTON TOWNSHIP BLVD,WAYNESBORO,PA,17268,Y,,,Y,2,,9,39.748472243165,-77.527736382524
3634,TAMAQUA PA,Supercenter,35 PLAZA DR,TAMAQUA,PA,18252,Y,,,,1,,9,40.7974296,-75.9696186
3635,FORT OGLETHORPE GA,Neighborhood Market,1155 BATTLEFIELD PKWY,FORT OGLETHORPE,GA,30742,Y,,,,1,,9,34.95251757554,-85.244499458599
3638,FLORENCE 2ND LOOP CASHUA,Neighborhood Market,804 S CASHUA DRIVE,FLORENCE,SC,29501,Y,,,,1,,9,34.175570707046,-79.811097162171
3640,HOUSTON(NW I-610) TX,Supercenter,1118 SILBER RD,HOUSTON,TX,77055,Y,Y,,,2,,9,29.789572067291,-95.468000180044
3641,SPRINGFIELD (E) OH,Supercenter,200 S TUTTLE RD,SPRINGFIELD,OH,45505,Y,,,,1,,9,39.921302271005,-83.748912796502
3643,MEDFORD WI,Supercenter,1010 N 8TH ST,MEDFORD,WI,54451,Y,,,,1,,9,45.152741061975,-90.334162134633
3645,MIDLAND (S) TX,Supercenter,200 W INTERSTATE 20,MIDLAND,TX,79701,Y,,,,1,,9,31.973366077391,-102.07302552508
3658,"GREENSBORO (NE), NC",Supercenter,2107 PYRAMID VILLAGE BLVD,GREENSBORO,NC,27405,Y,,,,1,,9,36.107770207841,-79.753795702808
3661,"EL PASO, TX",Neighborhood Market,1551 N ZARAGOZA RD,EL PASO,TX,79936,,,,,0,Y,9,31.7677,-106.3016
3700,"INDIAN TRAIL, NC",Supercenter,2101 YOUNTS RD,INDIAN TRAIL,NC,28079,Y,,,,1,,9,35.078624692893,-80.647722343148
3702,"JACKSONVILLE (N), FL",Supercenter,13227 CITY SQUARE DR,JACKSONVILLE,FL,32218,Y,,,,1,,9,30.477411684745,-81.639242361629
3705,"YELM, WA",Supercenter,17100 STATE ROUTE 507 SE,YELM,WA,98597,Y,Y,Y,Y,4,,9,46.933140547253,-122.577334136747
3709,"ATLANTA (GRESHAM), GA",Supercenter,2427 GRESHAM RD SE,ATLANTA,GA,30316,Y,Y,,,2,,9,33.717857895784,-84.31046101281
3710,"DECATUR (W), GA",Supercenter,3580 MEMORIAL DR,DECATUR,GA,30032,Y,,,Y,2,,9,33.755808988428,-84.266499813062
3720,"ARBUTUS, MD",Supercenter,3601 WASHINGTON BLVD,ARBUTUS,MD,21227,Y,,,,1,,9,39.24902243134,-76.670403852242
3723,LOCUST GROVE OK,Neighborhood Market,800 E MAIN,LOCUST GROVE,OK,74352,,,,,0,Y,9,36.1819,-95.1689
3726,"GRAND BLANC, MI",Supercenter,6170 S SAGINAW RD,GRAND BLANC,MI,48439,Y,Y,,,2,,9,42.941278189175,-83.646661597727
3727,ALEXANDRIA JACKSON LA,Neighborhood Market,812 BELLEAU WOOD,ALEXANDRIA,LA,71301,Y,,,,1,,9,31.3119463,-92.4453558
3736,PINEVILLE HWY 28 LA,Neighborhood Market,2750 HWY 28 E,PINEVILLE,LA,71360,Y,,,,1,,9,31.333056323075,-92.40630224276
3738,"NATRONA HEIGHTS, PA",Supercenter,100 HIGHLANDS MALL,NATRONA HEIGHTS,PA,15065,Y,,,Y,2,,9,40.621456,-79.7277765
3743,WEST MONROE US 80 AND FLA,Neighborhood Market,2400 CYPRESS STREET,WEST MONROE,LA,71291,,,,,0,Y,9,32.5317,-92.176
3745,MONROE AMERICAS LA,Neighborhood Market,1840 MCKEEN PLACE,MONROE,LA,71201,Y,,,,1,,9,32.526096911396,-92.114465693777
3746,SHREVEPORT LA BERT KOUNS,Neighborhood Market,412 BERT KOUNS INDUSTRIAL LOOP,SHREVEPORT,LA,71106,,,,,0,Y,9,32.3912,-93.7116
3747,"MUNCIE, IN",Supercenter,1501 E 29TH ST,MUNCIE,IN,47302,Y,,,,1,,9,40.160167036831,-85.369861612853
3749,"CINCINNATI (EVENDALE),OH",Supercenter,2801 CUNNINGHAM RD,CINCINNATI,OH,45241,Y,Y,,Y,3,,9,39.251187479504,-84.427023884288
3758,"CROOKSTON, MN",Supercenter,1930 SAHLSTROM DR,CROOKSTON,MN,56716,Y,,,,1,,9,47.7739988,-96.6081167
3760,"NEW ULM, MN",Supercenter,1720 WESTRIDGE RD,NEW ULM,MN,56073,Y,,,,1,,9,44.327203237163,-94.503784862489
3761,"THIEF RIVER FALLS, MN",Supercenter,1755 HIGHWAY 59 S,THIEF RIVER FALLS,MN,56701,Y,,,,1,,9,48.1172301,-96.1770667
3763,"EL PASO (MONTANA), TX",Supercenter,12236 MONTANA AVE,EL PASO,TX,79938,Y,,,,1,,9,31.806572879375,-106.265548257702
3764,"LINDALE, TX",Supercenter,105 CENTENNIAL BLVD,LINDALE,TX,75771,Y,,,,1,,9,32.474993211029,-95.391138927431
3765,"PIQUA, OH",Supercenter,1300 E ASH ST,PIQUA,OH,45356,Y,Y,,Y,3,,9,40.150621724077,-84.208704912198
3768,"ALTA VISTA, VA",Supercenter,125 CLARION RD,ALTAVISTA,VA,24517,Y,,,,1,,9,37.143428447838,-79.26570467419
3770,"STUART, VA",Supercenter,19265 JEB STUART HWY,STUART,VA,24171,Y,,,,1,,9,36.6422078,-80.2698215
3771,"PHOENIX (LAVEEN), AZ",Supercenter,6150 S 35TH AVE,PHOENIX,AZ,85041,Y,,,,1,,9,33.390282904956,-112.13368825701
3772,"JONESVILLE, VA",Supercenter,468 TRADE CENTER LN,JONESVILLE,VA,24263,,Y,,,1,,9,36.724588284649,-83.101844890138
3781,"INDIANAPOLIS (LAFYTE), IN",Supercenter,4545 LAFAYETTE RD,INDIANAPOLIS,IN,46254,Y,Y,,,2,,9,39.837379321988,-86.2478461811
3788,"LAS VEGAS (T PINES), NV",Neighborhood Market,6310 W CHARLESTON BLVD,LAS VEGAS,NV,89146,,,,,0,Y,9,36.1424,-115.2242
3789,"OGDEN, UT",Supercenter,1959 WALL AVE,OGDEN,UT,84401,Y,,,,1,,9,41.231757582898,-111.978680132296
3799,"MESA (COUNTRY CLUB), AZ",Supercenter,240 W BASELINE RD,MESA,AZ,85210,Y,,,,1,,9,33.378856175789,-111.83617889014
3803,"WEST HAVEN, CT",Wal-Mart,515 SAW MILL RD,WEST HAVEN,CT,06516,Y,,Y,,2,,9,41.270461729057,-72.97479542208
3806,"FAIRMONT, MN",Supercenter,1250 GOEMANN RD,FAIRMONT,MN,56031,,,,,0,Y,9,43.6376,-94.451
3809,"UPPER SANDUSKY, OH",Supercenter,1855 E WYANDOT AVE,UPPER SANDUSKY,OH,43351,Y,,,,1,,9,40.8272785,-83.2813089
3817,"ORLANDO (AVALON PKWY), FL",Neighborhood Market,433 AVALON PARK SOUTH BLVD,ORLANDO,FL,32828,Y,,,,1,,9,28.536878975605,-81.150414665277
3826,"LUBBOCK (TXTECH), TX",Supercenter,1911 MARSHA SHARP FWY,LUBBOCK,TX,79415,Y,,,,1,,9,33.5855677,-101.8470215
3827,"HOUSTON (GRAND PKWY), TX",Supercenter,5660 W GRAND PKWY S,RICHMOND,TX,77406,Y,Y,Y,,3,,9,29.691726480399,-95.771251693005
3829,"JOHNSON CITY, TN",Supercenter,2915 W MARKET ST,JOHNSON CITY,TN,37604,Y,Y,,,2,,9,36.310108805619,-82.404347165018
3830,"LITTLE EGG HARBOR, NJ",Supercenter,631 RT. 9 SOUTH,LITTLE EGG HARBOR,NJ,08087,Y,,,,1,,9,39.601790975067,-74.362460071638
3831,"PORTSMOUTH, VA",Supercenter,1098 FREDERICK BLVD,PORTSMOUTH,VA,23707,,,,,0,Y,9,36.8362,-76.344
3844,GLENDALE 51 AND OLIVE AZ,Neighborhood Market,5137 W OLIVE AVE,GLENDALE,AZ,85302,,,,,0,Y,9,33.5675,-112.1753
3847,"MESQUITE, NV",Supercenter,1120 W PIONEER BLVD,MESQUITE,NV,89027,Y,,,,1,,9,36.807675323852,-114.107645287121
3852,"UNICOI, TN",Supercenter,110 ROCKY BOTTOM DR,UNICOI,TN,37692,Y,,,,1,,9,36.186622475301,-82.375327660631
3853,"HURON, SD",Supercenter,2791 DAKOTA AVE S,HURON,SD,57350,,Y,,,1,,9,44.36308,-98.214388
3861,"GILBERT (POWER), AZ",Supercenter,5290 S POWER RD,GILBERT,AZ,85295,Y,,,,1,,9,33.3527632,-111.789037
3862,HOLLY HILL FL,Neighborhood Market,1905 NOVA RD,HOLLY HILL,FL,32117,Y,,,,1,,9,29.2435916,-81.0375555
3868,"SHREVEPORT, LA",Supercenter,1125 SHREVEPORT BARKSDALE HWY,SHREVEPORT,LA,71105,Y,,Y,,2,,9,32.486688015134,-93.706218577221
3872,"RAPID CITY (S), SD",Supercenter,100 STUMER RD,RAPID CITY,SD,57701,,,,,0,Y,9,44.1415,-103.2052
3886,"EDINBURG (S), TX",Supercenter,4101 S MCCOLL RD,EDINBURG,TX,78539,Y,,,,1,,9,26.3013982,-98.1624501
3887,"AVON PARK, FL",Supercenter,1041 US HIGHWAY 27 N,AVON PARK,FL,33825,Y,,,,1,,9,27.58420834274,-81.514335841136
3888,"SAN ANTONIO (SW1604), TX",Supercenter,11210 POTRANCO RD,SAN ANTONIO,TX,78253,Y,,,,1,,9,29.434960164157,-98.71399400529
3891,"WAUKEGAN, IL",Supercenter,3900 FOUNTAIN SQUARE PL,WAUKEGAN,IL,60085,Y,,,,1,,9,42.343034272146,-87.895978413806
3988,SPANISH FORK UT,Neighborhood Market,898 S 2550 E,SPANISH FORK,UT,84660,Y,,,,1,,9,40.1150133,-111.6547774
4046,GARLAND 78 & MILLER TX,Neighborhood Market,1855 S GARLAND AVE,GARLAND,TX,75040,,,,,0,Y,9,32.9227,-96.6248
4049,OLYMPIA FIELDS IL,Supercenter,21000 WESTERN AVE,OLYMPIA FIELDS,IL,60461,Y,,,,1,,9,41.5164045,-87.7028957
4053,INDIANAPOLIS N. MICHIGAN,Neighborhood Market,5555 MICHIGAN RD,INDIANAPOLIS,IN,46228,,,,,0,Y,9,39.8462,-86.1951
4055,SAN ANTONIO UNIVERSAL CIT,Supercenter,510 KITTY HAWK RD,UNIVERSAL CITY,TX,78148,Y,,,,1,,9,29.5465,-98.2954
4056,SAN ANTONIO KITTY HAWK &,Neighborhood Market,10781 TOEPPERWEIN RD,CONVERSE,TX,78109,Y,,,,1,,9,29.536957745148,-98.333568193489
4101,LONG BEACH NW CA,Supercenter,3705 E SOUTH ST,LONG BEACH,CA,90805,Y,,,,1,,9,33.860275455675,-118.148958207643
4102,CASTROVILLE TX,Supercenter,1151 US HWY 90 E,CASTROVILLE,TX,78009,Y,,,,1,,9,29.3553,-98.8824
4103,DEVINE TX,Supercenter,175 INTERSTATE 35 N,DEVINE,TX,78016,Y,,,,1,,9,29.1399633,-98.905306
4105,EL PASO REDD & DONIPHAN T,Neighborhood Market,101 E. REDD RD,EL PASO,TX,79932,Y,,,,1,,9,31.860398367565,-106.587114221167
4108,SPRINGDALE ELM SPRINGS AR,Supercenter,4870 ELM SPRINGS RD,SPRINGDALE,AR,72762,Y,,,Y,2,,9,36.193434745517,-94.183892655353
4127,WOODLAND CA,Neighborhood Market,215 CALIFORNIA ST,WOODLAND,CA,95695,,,,,0,Y,9,38.6816,-121.8052
4129,PONCHATOULA LA,Supercenter,1331 HWY 51,PONCHATOULA,LA,70454,Y,,,,1,,9,30.445436497138,-90.456395410512
4130,KYLE TX,Supercenter,5754 KYLE PKWY,KYLE,TX,78640,Y,,,,1,,9,30.010978728629,-97.85739489119
4131,SAN ANTONIO CULEBRA TX,Supercenter,9427 CULEBRA RD,SAN ANTONIO,TX,78251,Y,,,,1,,9,29.485792826056,-98.668787699853
4132,DOWNEY CA,Supercenter,9001 APOLLO WAY,DOWNEY,CA,90242,,,,,0,Y,9,33.9218,-118.1395
4140,MIAMI FLAGAMI FL,Neighborhood Market,6991 SW 8TH ST,MIAMI,FL,33144,Y,,,,1,,9,25.762988708464,-80.308975201987
4142,ORLANDO PERSHING FL,Neighborhood Market,4520 S SEMORAN BLVD,ORLANDO,FL,32822,Y,,,,1,,9,28.498463188694,-81.310394966211
4144,AUGUSTA WRIGHTSBRO GA,Supercenter,3338 WRIGHTSBORO RD,AUGUSTA,GA,30909,Y,,,,1,,9,33.468762346362,-82.070640573494
4147,MORRISVILLE DAVIS NC,Neighborhood Market,3560 DAVIS DR,MORRISVILLE,NC,27560,,,,,0,Y,9,35.8344,-78.8466
4156,DERBY VT,Supercenter,115 SEYMOUR DRIVE,DERBY,VT,05829,Y,,,,1,,9,44.9474125,-72.1339323
4159,ORLANDO BOGGY CREEK FL,Neighborhood Market,2850 E OSCEOLA PARKWAY,KISSIMMEE,FL,34743,,,,,0,Y,9,28.3306,-81.3544
4164,KAUFMAN TX,Supercenter,300 KINGS FORT PKWY,KAUFMAN,TX,75142,Y,,,,1,,9,32.601641,-96.3375126
4165,FORT WORTH JACKSBORO & RI,Supercenter,2245 JACKSBORO HWY,FORT WORTH,TX,76114,,,,,0,Y,9,32.7796,-97.3928
4166,SWEETWATER TN,Supercenter,935 HIGHWAY 11 S,SWEETWATER,TN,37874,,,,,0,Y,9,35.6015,-84.461
4187,FLORENCE NW AL,Supercenter,2701 CLOVERDALE ROAD,FLORENCE,AL,35633,,,,,0,Y,9,34.8825,-87.7398
4188,FLORENCE SW AL,Neighborhood Market,1410 FLORENCE BLVD,FLORENCE,AL,35630,,,,,0,Y,9,34.8305,-87.656
4193,TYLER TX,Neighborhood Market,1900 E SE LOOP 323,TYLER,TX,75703,,,,,0,Y,9,32.2768,-95.3031
4194,VICTORIA TX,Supercenter,4001 HOUSTON HIGHWAY,VICTORIA,TX,77901,Y,,,,1,,9,28.817233844292,-96.962255439101
4195,CHOCTAW OK,Supercenter,14185 MACK HARRINGTON DR,CHOCTAW,OK,73020,,Y,,Y,2,,9,34.0246234,-95.52055
4200,"COLUMBUS (GATEWAY), GA",Supercenter,6475 GATEWAY RD,COLUMBUS,GA,31909,Y,,,,1,,9,32.535884251825,-84.876820099571
4201,"EDGEWOOD, NM",Supercenter,66 STATE ROAD 344,EDGEWOOD,NM,87015,Y,,,,1,,9,35.065154202862,-106.191379079458
4208,SALT LAKE CITY (E) UT,Supercenter,2705 E PARLEYS WAY,SALT LAKE CITY,UT,84109,Y,,,,1,,9,40.719225605669,-111.814714482292
4209,"NEBRASKA CITY, NE",Supercenter,2101 S 11TH ST,NEBRASKA CITY,NE,68410,,,,,0,Y,9,40.6747,-95.8619
4210,MOBILE UNIVERSITY AL,Neighborhood Market,1300 NORTH UNIVERSITY,MOBILE,AL,36618,Y,,,,1,,9,30.713841451604,-88.167190394965
4215,"QUINLAN, TX",Supercenter,8801 STATE HIGHWAY 34 S,QUINLAN,TX,75474,Y,,,,1,,9,32.8983,-96.1261
4216,"COLUMBUS(N), IN",Supercenter,2025 MERCHANT MILE,COLUMBUS,IN,47201,Y,Y,Y,,3,,9,39.197826193177,-85.945634860181
4226,"DUNLAP, TN",Supercenter,16773 RANKIN AVE,DUNLAP,TN,37327,,,,,0,Y,9,35.3842,-85.3925
4235,"TERRE HAUTE, IN",Supercenter,2399 S STATE ROAD 46,TERRE HAUTE,IN,47803,Y,,Y,,2,,9,39.437500859206,-87.333089747309
4238,"SANGER, CA",Supercenter,2761 JENSEN AVE,SANGER,CA,93657,Y,,,,1,,9,36.706719553393,-119.575722998703
4243,"CLIO, MI",Supercenter,11493 N LINDEN RD,CLIO,MI,48420,Y,,,,1,,9,43.171074199623,-83.774233308967
4244,"PARK RAPIDS, MN",Supercenter,1303 CHARLES ST,PARK RAPIDS,MN,56470,Y,,,Y,2,,9,46.922972515612,-95.034733135214
4247,"HAVRE, MT",Supercenter,3510 US HIGHWAY 2 W,HAVRE,MT,59501,Y,,,,1,,9,48.556062162196,-109.734422771563
4249,"SMELTERVILLE, ID",Supercenter,583 COMMERCE DRIVE,SMELTERVILLE,ID,83868,Y,,,,1,,9,47.5426994,-116.181556
4253,"SAUK CENTRE, MN",Supercenter,205 12TH ST S,SAUK CENTRE,MN,56378,Y,,,,1,,9,45.723424162406,-94.947109372082
4259,"SHELBYVILLE, IL",Supercenter,2607 W MAIN ST,SHELBYVILLE,IL,62565,Y,,,,1,,9,39.4064284,-88.7900689
4274,"LOWESVILLE, NC",Supercenter,7131 HIGHWAY 73,DENVER,NC,28037,,,,Y,1,,9,35.450098003737,-81.003758182417
4276,"TAYLOR, PA",Supercenter,1325 MAIN,TAYLOR,PA,18517,,,,,0,Y,9,41.3904,-75.7158
4278,"QUINCY, WV",Supercenter,1001 WARRIOR WAY,QUINCY,WV,25015,Y,Y,,,2,,9,38.207665566271,-81.510890000229
4285,"CLEVELAND (SW), OH",Supercenter,3400 STEELYARD DR,CLEVELAND,OH,44109,Y,,,,1,,9,41.461456912009,-81.690500176181
4293,"PHOENIX (24TH), AZ",Neighborhood Market,2435 E BASELINE RD,PHOENIX,AZ,85042,,,,,0,Y,9,33.3794,-112.0283
4295,"ALEXANDRIA, LA",Supercenter,6225 COLISEUM BLVD,ALEXANDRIA,LA,71303,,,,,0,Y,9,31.3048,-92.5089
4322,"CRETE, NE",Supercenter,1800 E 29TH ST,CRETE,NE,68333,Y,,,,1,,9,40.639783041147,-96.937677271098
4325,"YUMA (FOOTHILLS), AZ",Supercenter,8151 E 32ND ST,YUMA,AZ,85365,,Y,,,1,,9,32.7093,-114.4905
4333,"FAIRHOPE, AL",Supercenter,10040 COUNTY ROAD 48,FAIRHOPE,AL,36532,Y,Y,Y,,3,,9,30.523574468872,-87.848840637385
4334,"WEAVERVILLE, NC",Supercenter,25 NORTHRIDGE COMMONS PKWY,WEAVERVILLE,NC,28787,,,,Y,1,,9,35.704712190778,-82.577831779503
4336,"EL MIRAGE, AZ",Supercenter,12900 W THUNDERBIRD RD,EL MIRAGE,AZ,85335,Y,,,,1,,9,33.609108904974,-112.338601150043
4337,"SAN LUIS, AZ",Supercenter,1613 N MAIN ST,SAN LUIS,AZ,85349,,,,,0,Y,9,32.487,-114.7822
4348,"ROARING SPRING, PA",Supercenter,200 COMMERCE DR,DUNCANSVILLE,PA,16635,Y,Y,,,2,,9,40.4234058,-78.433903
4350,"KILMARNOCK, VA",Supercenter,200 OLD FAIRGROUNDS WAY,KILMARNOCK,VA,22482,Y,,,,1,,9,37.727163882292,-76.388068104734
4366,"EL PASO (RESLER), TX",Neighborhood Market,951 N RESLER DR,EL PASO,TX,79912,,,,,0,Y,9,31.8383,-106.5364
4367,TEXARKANA TX,Neighborhood Market,3302 SUMMERHILL RD,TEXARKANA,TX,75503,Y,,,,1,,9,33.448986487574,-94.065419459485
4370,"FERNLEY, NV",Supercenter,1550 NEWLANDS DR E,FERNLEY,NV,89408,Y,,,,1,,9,39.610509519174,-119.202320699264
4377,"CRAIG, CO",Supercenter,2000 W VICTORY WAY,CRAIG,CO,81625,Y,,,Y,2,,9,40.5224,-107.5615
4378,"ONLEY, VA",Supercenter,26036 LANKFORD HWY,ONLEY,VA,23418,Y,,,,1,,9,37.684518545411,-75.722694916855
4383,"DEARBORN, MI",Supercenter,5851 MERCURY DR,DEARBORN,MI,48126,,Y,,,1,,9,42.3222599,-83.1763145
4387,"WORCESTER, MA",Supercenter,25 TOBIAS BOLAND WAY,WORCESTER,MA,01607,Y,Y,Y,Y,4,,9,42.2625621,-71.8018877
4388,WAYNESBORO NEW HOPE VA,Neighborhood Market,1211 W BROAD ST STE A,WAYNESBORO,VA,22980,Y,,,,1,,9,38.071181335253,-78.894794415576
4389,"WOODSVILLE, NH",Supercenter,4901 DARTMOUTH COLLEGE HWY,WOODSVILLE,NH,03785,Y,,,Y,2,,9,44.140388344378,-72.025034696551
4393,"SACRAMENTO (WATT), CA",Supercenter,4675 WATT AVE,NORTH HIGHLANDS,CA,95660,Y,,,,1,,9,38.650123227024,-121.38302038835
4394,"AIRWAY HEIGHTS, WA",Supercenter,1221 S HAYFORD RD,SPOKANE,WA,99224,Y,,,,1,,9,47.645439154307,-117.560782034538
4395,"POST FALLS, ID",Supercenter,6405 W POINTE PARKWAY,POST FALLS,ID,83854,Y,Y,,,2,,9,47.702504953726,-117.028060946417
4407,"MONTGOMERY (E), AL",Supercenter,10710 CHANTILLY PKWY,MONTGOMERY,AL,36117,Y,,,,1,,9,32.356494468391,-86.132257246855
4410,"GRANITE FALLS, NC",Supercenter,4780 HICKORY BLVD,GRANITE FALLS,NC,28630,Y,,,,1,,9,35.7965,-81.4306
4412,"LAUREL, MT",Supercenter,101 BERNHARDT RD,LAUREL,MT,59044,Y,,,,1,,9,45.667570576011,-108.761083848707
4414,"SMITHVILLE, TN",Supercenter,515 W BROAD ST,SMITHVILLE,TN,37166,,,,,0,Y,9,35.9299,-85.8046
4415,"EL PASO (NO. LOOP), TX",Neighborhood Market,8115 NORTH LOOP DR,EL PASO,TX,79907,,,,,0,Y,9,31.7089,-106.3293
4416,"HOUSTON (SMILI), TX",Supercenter,13003 TOMBALL PKWY,HOUSTON,TX,77086,Y,,,,1,,9,29.9227,-95.4939
4420,"BATESBURG-LEESVILLE, SC",Supercenter,115 E CHURCH ST,LEESVILLE,SC,29070,Y,,,,1,,9,33.914616961273,-81.527877622831
4423,"MARTINSBURG (N), WV",Supercenter,5680 HAMMONDS MILL RD,MARTINSBURG,WV,25404,Y,Y,,,2,,9,39.4562528,-77.9639604
4424,WARREN MI,Supercenter,29176 VAN DYKE AVE,WARREN,MI,48093,Y,Y,Y,Y,4,,9,42.50778820093,-83.028303239841
4425,"ORLANDO (APOPKA/50), FL",Neighborhood Market,7818 COLONIAL WEST DRIVE,ORLANDO,FL,32818,,,,,0,Y,9,28.5801,-81.4846
4426,COLUMBUS MANCHESTER GA,Neighborhood Market,1042 MANCHESTER EXPY,COLUMBUS,GA,31904,Y,,,,1,,9,32.4610708,-84.9880449
4428,"ASHEVILLE (FLEX), NC",Supercenter,1636 HENDERSONVILLE RD,ASHEVILLE,NC,28803,,,,,0,Y,9,35.5393,-82.518
4439,"PAW PAW, MI",Supercenter,1013 S KALAMAZOO ST,PAW PAW,MI,49079,Y,,,,1,,9,42.2178171,-85.8911246
4441,PALM SPRINGS VILLAGE FL,Neighborhood Market,4400 FOREST HILL BLVD.,PALM SPRINGS VILLAGE,FL,33406,,,,,0,Y,9,26.6396,-80.0827
4443,ANERSON REED SC,Neighborhood Market,2003 E GREENVILLE ST,ANDERSON,SC,29621,Y,,,,1,,9,34.543548041791,-82.631325877253
4446,"WEST PALM BEACH (N), FL",Supercenter,4225 45TH ST,WEST PALM BEACH,FL,33407,Y,,,,1,,9,26.759739431235,-80.106948856856
4461,"LOUISA, KY",Supercenter,275 WALTON DR,LOUISA,KY,41230,Y,,,,1,,9,38.1144867,-82.6030988
4471,"RAWLINS, WY",Supercenter,2390 E CEDAR ST,RAWLINS,WY,82301,,,,,0,Y,9,41.7951,-107.2349
4472,"LITHONIA (STONECRST), GA",Supercenter,8424 MALL PARKWAY,LITHONIA,GA,30038,Y,,,,1,,9,33.695993053639,-84.082736017219
4477,"HIGH POINT (N), NC",Supercenter,2710 N MAIN ST,HIGH POINT,NC,27265,Y,,,,1,,9,35.993058947991,-80.030115182667
4497,"HUEYTOWN, AL",Supercenter,1007 RED FARMER DR,HUEYTOWN,AL,35023,Y,,,,1,,9,33.45915302053,-86.972733301406
4499,"ZEBULON, NC",Supercenter,841 E GANNON AVE,ZEBULON,NC,27597,Y,,,,1,,9,35.829162494455,-78.295799579925
4501,"WEST BROWNSVILLE, PA",Supercenter,134 DANIEL KENDALL DR,WEST BROWNSVILLE,PA,15417,Y,,,,1,,9,40.027913669715,-79.900458663858
4503,GRAND PRAIRIE PIONEER PKW,Supercenter,2650 S STATE HIGHWAY 161,GRAND PRAIRIE,TX,75052,Y,,,,1,,9,32.707442423359,-97.024092587071
4504,"BIRMINGHAM(GREEN S), AL",Neighborhood Market,312 PALISADES BLVD,BIRMINGHAM,AL,35209,Y,,,,1,,9,33.468299250516,-86.819554160364
4506,"COLUMBIA, SC",Supercenter,321 KILLIAN RD,COLUMBIA,SC,29203,Y,,,,1,,9,34.133748980375,-80.968191585082
4511,"SILVIS, IL",Supercenter,1601 18TH ST,SILVIS,IL,61282,Y,,,,1,,9,41.49640528454,-90.403721055737
4514,"WINCHESTER (S), VA",Supercenter,201 MARANTO MANOR DR,WINCHESTER,VA,22602,,Y,,,1,,9,39.081751842456,-78.148930597684
4516,FAYETTEVILLE MLK AR,Neighborhood Market,660 W MARTIN LUTHER KING JR BL,FAYETTEVILLE,AR,72701,,,,,0,Y,9,36.052,-94.1534
4520,"TALLAHASSEE (FALLS), FL",Supercenter,4021 LAGNIAPPE WAY,TALLAHASSEE,FL,32317,Y,Y,Y,,3,,9,30.462836882081,-84.217032321034
4525,HINESVILLE GA,Neighborhood Market,1422 W OGLETHORPE HWY STE A,HINESVILLE,GA,31313,Y,,,,1,,9,31.795919264288,-81.606762222069
4526,"HOUSTON, TX",Supercenter,4412 NORTH FWY,HOUSTON,TX,77022,Y,,,,1,,9,29.829042671752,-95.380781951879
4527,WAYCROSS GA,Neighborhood Market,1630 PLANT AVE,WAYCROSS,GA,31501,Y,,,,1,,9,31.2135511,-82.3540178
4530,SAVANNAH ABERCORN GA,Neighborhood Market,10530 ABERCORN ST,SAVANNAH,GA,31419,Y,,,,1,,9,31.984674644396,-81.132218669926
4531,"ROMEOVILLE, IL",Supercenter,420 WEBER ROAD,ROMEOVILLE,IL,60446,Y,,,,1,,9,41.609072299888,-88.123271415732
4533,"OAKLAND, TN",Supercenter,105 CHICKASAW RIDGE DR,OAKLAND,TN,38060,,Y,,,1,,9,35.228768120055,-89.523416609937
4538,KATY FRY RD AND W LITTLE,Supercenter,6060 N FRY RD,KATY,TX,77449,Y,,,Y,2,,9,29.860240229354,-95.719838104923
4545,WILSON NC,Neighborhood Market,2700 WARD BLVD,WILSON,NC,27893,Y,,,,1,,9,35.752496791459,-77.93031853478
4554,"AUSTIN (NORTHCROSS), TX",Supercenter,2525 W ANDERSON LN,AUSTIN,TX,78757,Y,,,,1,,9,30.357396626639,-97.733835725071
4556,"SAVANNAH (MALL), GA",Supercenter,14030 ABERCORN ST,SAVANNAH,GA,31419,Y,,,,1,,9,31.982141527742,-81.174778729866
4561,JACKSONVILLE PRINCETON SQ,Neighborhood Market,9550 BAYMEADOWS RD,JACKSONVILLE,FL,32256,Y,,,,1,,9,30.220750791958,-81.559762042497
4564,"GOLDSBORO (W), NC",Supercenter,2908 US HIGHWAY 70 W,GOLDSBORO,NC,27530,Y,,,,1,,9,35.430342768869,-78.065998991791
4569,"BOTTINEAU, ND",Supercenter,912 11TH ST E,BOTTINEAU,ND,58318,,,,,0,Y,9,48.8451,-100.4329
4570,"ELLENVILLE, NY",Supercenter,7500 ROUTE 209,NAPANOCH,NY,12458,Y,,,,1,,9,41.742340914953,-74.369237455287
4574,"CONCORD (MILLS), NC",Supercenter,5825 THUNDER RD,CONCORD,NC,28027,Y,,,,1,,9,35.378006016062,-80.722781019522
4577,RUSTON LA TECH UNIVERSITY,Neighborhood Market,321 W CALIFORNIA AVE,RUSTON,LA,71270,,,,,0,Y,9,32.5308,-92.6439
4590,"LEES SUMMIT (S), MO",Supercenter,3410 SW MARKET ST,LEES SUMMIT,MO,64082,Y,,,,1,,9,38.857758535541,-94.376050483397
4594,"CHERRYVILLE, NC",Supercenter,2505 LINCOLNTON HWY,CHERRYVILLE,NC,28021,Y,,,,1,,9,35.39887406775,-81.339805737003
4595,"PLANTATION, FL",Neighborhood Market,1885 N PINE ISLAND RD,PLANTATION,FL,33322,,,,,0,Y,9,26.1502,-80.2745
4599,"TIMNATH, CO",Supercenter,4500 WEITZEL ST,TIMNATH,CO,80547,Y,Y,,,2,,9,40.525846066895,-104.988808410493
4601,"LAS CRUCES (N), NM",Supercenter,3331 RINCONADA BLVD,LAS CRUCES,NM,88011,Y,,,,1,,9,32.363225760664,-106.748874547435
4621,,,,,,,Y,,,,1,,9,30.3262247,-81.6579179
4623,"NEWPORT NEWS (S), VA",Supercenter,6111 JEFFERSON AVE,NEWPORT NEWS,VA,23605,Y,,,,1,,9,37.021553180213,-76.446054487093
4625,GARDEN CITY KS,Neighborhood Market,2424 N TAYLOR AVE,GARDEN CITY,KS,67846,Y,,,,1,,9,37.987076675363,-100.883312358939
4631,"HAMMOND (N), IN",Supercenter,1100 5TH AVE,HAMMOND,IN,46320,,,,,0,Y,9,41.6099,-87.5079
4635,"CLINTON, TN",Supercenter,150 TANNER LN,CLINTON,TN,37716,Y,,,,1,,9,36.166991841576,-84.085627371017
4636,"APPOMATTOX, VA",Supercenter,505 OAKVILLE RD,APPOMATTOX,VA,24522,,,,,0,Y,9,37.353,-78.8224
4643,"ECONOMY, PA",Supercenter,1500 ECONOMY WAY,BADEN,PA,15005,Y,Y,,,2,,9,40.6350668,-80.2281159
4648,"MOBILE, AL",Neighborhood Market,6575 AIRPORT BLVD,MOBILE,AL,36608,,,,,0,Y,9,30.6817,-88.2945
4664,"CONWAY, SC",Supercenter,151 MYRTLE RIDGE DR,CONWAY,SC,29526,Y,,,,1,,9,33.8360035,-79.0478143
4673,AUBURN N AL,Neighborhood Market,1810 SHUG JORDAN PKWY,AUBURN,AL,36830,Y,,,,1,,9,32.631281082761,-85.497031080529
4674,NACOGDOCHES UNIVERSITY TX,Neighborhood Market,1030 N UNIVERSITY DR,NACOGDOCHES,TX,75961,Y,,,,1,,9,31.611334244058,-94.639992194482
4676,ALBUQUERQUE LADERA NM,Neighborhood Market,1820 UNSER BLVD NW,ALBUQUERQUE,NM,87120,Y,,,,1,,9,35.10231789478,-106.72966661493
4679,"WATSON, LA",Supercenter,34025 LA HWY 16,DENHAM SPRINGS,LA,70706,Y,Y,,,2,,9,30.4868564,-90.9562125
4683,"BATON ROUGE (BURB), LA",Supercenter,10550 BURBANK DR,BATON ROUGE,LA,70810,,,,,0,Y,9,30.3633,-91.0919
4689,"CEDAR HILLS, UT",Supercenter,4689 W CEDAR HILLS DR,CEDAR HILLS,UT,84062,Y,,Y,,2,,9,40.4141174,-111.758541
4695,"GODFREY, IL",Supercenter,6660 GODFREY RD,GODFREY,IL,62035,Y,,,,1,,9,38.965113434801,-90.192621879934
4699,"STREATOR, IL",Supercenter,2415 N BLOOMINGTON ST,STREATOR,IL,61364,Y,,,,1,,9,41.150998308494,-88.835740947538
4849,MOUNTAIN IRON MN,Supercenter,8580 ROCK RIDGE DR,MOUNTAIN IRON,MN,55768,Y,,,,1,,9,47.5328719,-92.6226926
5005,JACKSONVILLE WILSON FL,Neighborhood Market,6855 WILSON BLVD,JACKSONVILLE,FL,32210,Y,,,,1,,9,30.270156552887,-81.755856849662
5012,HAMILTON NJ,Supercenter,1750 NOTTINGHAM WAY,HAMILTON,NJ,08619,Y,,,,1,,9,40.225160710273,-74.65410836941
5014,GREENSBORO HIGHT POINT NC,Neighborhood Market,3605 HIGH POINT RD,GREENSBORO,NC,27407,,,,,0,Y,9,36.0334,-79.8626
5021,DALLAS TX,Neighborhood Market,2275 GUS THOMASSON RD,DALLAS,TX,75228,,,,,0,Y,9,32.825,-96.6784
5025,FT WAYNE IN,Supercenter,10420 MAYSVILLE RD,FORT WAYNE,IN,46835,Y,,,,1,,9,41.0799898,-85.1386015
5029,OREGON OH 11-11-02,Supercenter,3721 NAVARRE AVE,OREGON,OH,43616,,Y,,,1,,9,41.637237698676,-83.460544632573
5034,"FORT MYERS, FL",Supercenter,4770 COLONIAL BLVD,FORT MYERS,FL,33966,Y,,,,1,,9,26.640628,-81.8723084
5043,MEMPHIS TN 09-11-02,Neighborhood Market,6990 E SHELBY DR,MEMPHIS,TN,38125,,,,,0,Y,9,35.0312,-89.8124
5044,GALENA IL,Supercenter,10000 BARTEL BLVD,GALENA,IL,61036,,,,,0,Y,9,42.4182,-90.4195
5046,CLAYTON NC,Supercenter,805 TOWN CENTRE BLVD,CLAYTON,NC,27520,Y,Y,,,2,,9,35.6626156193,-78.494811409524
5047,"AUDUBON, NJ",Wal-Mart,130 BLACK HORSE PIKE,AUDUBON,NJ,08106,Y,,,,1,,9,39.891,-75.0724
5051,GREELEY (N) CO,Supercenter,920 47TH AVE,GREELEY,CO,80634,Y,,,Y,2,,9,40.422910380618,-104.756117377789
5056,"PRAIRIEVILLE, LA",Supercenter,17585 AIRLINE HWY,PRAIRIEVILLE,LA,70769,,Y,,,1,,9,30.331919250116,-90.98492892883
5058,NASHVILLE M BORO TN,Supercenter,3035 HAMILTON CHURCH RD,ANTIOCH,TN,37013,Y,,,,1,,9,36.062673516619,-86.630699922614
5059,HOPKINSVILLE SW KY,Neighborhood Market,3106 CANTON STREET,HOPKINSVILLE,KY,42240,Y,,,,1,,9,36.860445338294,-87.514970469734
5062,AUBURN E AL,Neighborhood Market,2047 E UNIVERSITY DR,AUBURN,AL,36830,Y,,,,1,,9,32.624750677755,-85.448872180258
5065,KALAMAZOO (NW) MI,Supercenter,501 N 9TH ST,KALAMAZOO,MI,49009,Y,Y,,,2,,9,42.292412173629,-85.682330929869
5071,LAWTON OK 11-12-02,Supercenter,6301 NW QUANNAH PARKER TRL,LAWTON,OK,73505,Y,,,,1,,9,34.6051975,-98.3952279
5078,"YAKIMA (W), WA",Supercenter,6600 W NOB HILL BLVD,YAKIMA,WA,98908,Y,Y,Y,,3,,9,46.585645059165,-120.596868218342
5088,"TRIDELPHIA, WV",Supercenter,450 STEWART LN,TRIADELPHIA,WV,26059,Y,,,,1,,9,40.058934051407,-80.603003963476
5091,HOUSTON ROSEHILL TX,Supercenter,26270 NORTHWEST FWY,CYPRESS,TX,77429,Y,,,,1,,9,29.9691116,-95.6971686
5094,"HOUSTON (BRAESWOOD), TX",Neighborhood Market,9700 HILLCROFT ST,HOUSTON,TX,77096,,,,,0,Y,9,29.6722,-95.4861
5096,"PALM DESERT (C.CITY), CA",Supercenter,34500 MONTEREY AVE,PALM DESERT,CA,92211,Y,,,,1,,9,33.798229468991,-116.388094701734
5099,GRAND JUNCTION (W) CO,Supercenter,2545 RIMROCK AVE,GRAND JUNCTION,CO,81505,Y,Y,,,2,,9,39.078250031706,-108.581524924629
5102,GRETNA WESTBANK EXPY LA,Neighborhood Market,99 WESTBANK EXPY,GRETNA,LA,70053,,,,,0,Y,9,29.9108,-90.0531
5109,"WEST VALLEY CITY (3), UT",Neighborhood Market,4570 S 4000 W,WEST VALLEY CITY,UT,84120,Y,,,,1,,9,40.670634261932,-111.986669300557
5115,DAVENPORT (W) IA,Supercenter,3101 W KIMBERLY RD,DAVENPORT,IA,52806,Y,Y,,,2,,9,41.560104962167,-90.621178197228
5122,MEMPHIS (MT. MORIAH) TN,Neighborhood Market,2856 HICKORY HILL RD,MEMPHIS,TN,38115,Y,,,,1,,9,35.071051850302,-89.864178354529
5125,OPELOUSAS SOUTH LA,Neighborhood Market,2310 S UNION ST,OPELOUSAS,LA,70570,Y,Y,,,2,,9,30.509480775786,-92.0842142454
5126,CENTRE AL,Supercenter,1950 W MAIN ST,CENTRE,AL,35960,Y,,,,1,,9,34.136106988432,-85.650197265879
5144,SAN ANTONIO (NE) TX,Supercenter,8315 FM 78,CONVERSE,TX,78109,Y,,,,1,,9,29.496940694691,-98.323276120253
5145,SAN ANTONIO (VJ) TX,Supercenter,1603 VANCE JACKSON RD,SAN ANTONIO,TX,78213,Y,,,,1,,9,29.5234,-98.5273
5146,"SAN ANTONIO, TX",Supercenter,8030 BANDERA RD,SAN ANTONIO,TX,78250,Y,,,,1,,9,29.515746329345,-98.634613695507
5154,"ROSEMEAD, CA",Supercenter,1827 WALNUT GROVE AVE,ROSEMEAD,CA,91770,Y,,,,1,,9,34.050496110018,-118.081983413868
5155,LAS CRUCES (SW) NM,Supercenter,1550 S VALLEY DR,LAS CRUCES,NM,88005,Y,,,,1,,9,32.319035202868,-106.799239495448
5156,"BEAUMONT, CA",Supercenter,1540 E 2ND ST,BEAUMONT,CA,92223,Y,,,Y,2,,9,33.923303472012,-116.951866568439
5157,"MORTON, IL",Supercenter,155 E COURTLAND ST,MORTON,IL,61550,Y,,,,1,,9,40.628495488901,-89.460882368211
5159,"WEST BRANCH, MI",Supercenter,2750 COOK RD,WEST BRANCH,MI,48661,Y,,,,1,,9,44.254747276774,-84.22510007662
5160,JACKSON (W) MI,Supercenter,1700 W MICHIGAN AVE,JACKSON,MI,49202,Y,,,,1,,9,42.247462206315,-84.436293451312
5168,"RICHFIELD, UTAH",Supercenter,10 E 1300 S,RICHFIELD,UT,84701,,Y,,,1,,9,38.749421293016,-112.083808876447
5170,SIDNEY NE,Supercenter,3001 SILVERBERG DR,SIDNEY,NE,69162,Y,,,,1,,9,41.116743830903,-102.946715260318
5172,PERRY FL,Supercenter,1900 S JEFFERSON ST,PERRY,FL,32348,,,,,0,Y,9,29.9665,-83.6594
5175,ALGOOD TN,Supercenter,589 W MAIN ST,ALGOOD,TN,38506,Y,,,,1,,9,36.1958946,-85.4485849
5179,ORLANDO FL,Neighborhood Market,201 S CHICKASAW TRL,ORLANDO,FL,32825,Y,,,,1,,9,28.541403844476,-81.277387650526
5185,COLUMBUS WSW OH,Supercenter,1221 GEORGESVILLE RD,COLUMBUS,OH,43228,Y,,Y,,2,,9,39.928359679668,-83.116878197356
5189,PHOENIX (MARYVALE) AZ,Supercenter,5250 W INDIAN SCHOOL RD,PHOENIX,AZ,85031,Y,,,,1,,9,33.495064250774,-112.17219069728
5196,"MEMPHIS(ELVIS/HOLMES), TN",Supercenter,5255 ELVIS PRESLEY BLVD,MEMPHIS,TN,38116,,Y,,,1,,9,35.00384068491,-90.025380695693
5198,TIFTON GA,Neighborhood Market,1810 TIFT AVE N,TIFTON,GA,31794,Y,,,,1,,9,31.47083093868,-83.503166970059
5215,"DELANO, CA",Supercenter,530 WOOLLOMES AVE,DELANO,CA,93215,Y,,,,1,,9,35.746812851517,-119.249525180336
5216,"AMARILLO, (NW) TX",Supercenter,5730 W AMARILLO BLVD,AMARILLO,TX,79106,Y,,,,1,,9,35.212187189793,-101.902489642121
5220,TAMPA (DM WATERS) FL,Supercenter,8220 N DALE MABRY HWY,TAMPA,FL,33614,Y,,,,1,,9,28.023234814911,-82.505132296848
5224,SAN ANTONIO DEZEVALA TX,Neighborhood Market,4226 DE ZAVALA RD,SAN ANTONIO,TX,78249,Y,,,,1,,9,29.575875930694,-98.56624677675
5226,SAN ANTONIO MILITARY DR.,Neighborhood Market,9526 W MILITARY DR,SAN ANTONIO,TX,78251,,,,,0,Y,9,29.4597,-98.6555
5245,SAN ANTONIO (BROOKS) TX,Supercenter,3302 SE MILITARY DR,SAN ANTONIO,TX,78223,Y,,,,1,,9,29.351696011339,-98.433280798781
5248,TUSCALOOSA N AL,Neighborhood Market,1660 MCFARLAND BLVD,NORTHPORT,AL,35476,Y,,,,1,,9,33.238075098153,-87.573406010791
5250,KISSIMMEE FL,Supercenter,904 CYPRESS PKWY,KISSIMMEE,FL,34759,Y,,,,1,,9,28.146937281868,-81.44807332219
5252,LOGANVILLE GA,Supercenter,4221 ATLANTA HWY,LOGANVILLE,GA,30052,Y,,,Y,2,,9,33.843392359615,-83.908894501293
5255,TAMPA (ELLIOT) FL,Neighborhood Market,6216 ELLIOT DR,TAMPA,FL,33615,,,,,0,Y,9,28.0081,-82.5805
5256,TUSCALOOSA E AL,Neighborhood Market,4201 HARGROVE RD E,TUSCALOOSA,AL,35405,Y,,,,1,,9,33.2095614,-87.5675258
5265,SAINT CLOUD CANOE CREEK F,Neighborhood Market,2125 NOLTE RD,SAINT CLOUD,FL,34772,Y,,,,1,,9,28.2498534,-81.2839038
5278,CHICOPEE MA,Supercenter,591 MEMORIAL DR,CHICOPEE,MA,01020,Y,Y,,,2,,9,42.173321252033,-72.576344719929
5281,"WOODBRIDGE, NJ",Wal-Mart,360 US HIGHWAY 9 ROUTE N,WOODBRIDGE,NJ,07095,Y,Y,,,2,,9,40.55418,-74.2860008
5288,"SEAGOVILLE, TX",Supercenter,220 N HIGHWAY 175,SEAGOVILLE,TX,75159,Y,,,,1,,9,32.647745277458,-96.535158800154
5290,SAN ANTONIO ELLISON & MAR,Neighborhood Market,1515 S ELLISON DR,SAN ANTONIO,TX,78245,Y,,,,1,,9,29.417366654728,-98.678296635913
5291,WEST COLUMBIA BARNWELL SC,Neighborhood Market,1019 OLD BARNWELL RD,COLUMBIA,SC,29170,Y,,,,1,,9,33.944670434836,-81.169159843682
5292,"RALEIGH (E), NC",Supercenter,4431 NEW BERN AVE,RALEIGH,NC,27610,Y,,,,1,,9,35.798636366985,-78.562154717886
5298,GASTONIA NC,Supercenter,223 N MYRTLE SCHOOL RD,GASTONIA,NC,28052,Y,,,,1,,9,35.260927289973,-81.223249916146
5303,"PRESCOTT (W), AZ",Supercenter,1280 GAIL GARDNER WAY,PRESCOTT,AZ,86305,Y,Y,,Y,3,,9,34.566304525153,-112.484582248167
5309,OBERLIN OH,Supercenter,46440 US ROUTE 20,OBERLIN,OH,44074,Y,,,,1,,9,41.265422912307,-82.220128313791
5310,PRAIRIEVILLE LA,Neighborhood Market,15047 AIRLINE HWY,PRAIRIEVILLE,LA,70769,Y,Y,,,2,,9,30.285434189235,-90.956451054318
5312,FT WORTH (121) TX,Supercenter,3851 AIRPORT FWY,FORT WORTH,TX,76111,,Y,Y,,2,,9,32.774067805348,-97.290874213569
5314,"OKLAHOMA CITY (44), OK",Neighborhood Market,4420 S WESTERN AVE,OKLAHOMA CITY,OK,73109,,,,,0,Y,9,35.4259,-97.5261
5319,"MACARTHUR, WV",Supercenter,1881 ROBERT C BYRD DR,MACARTHUR,WV,25873,Y,,,,1,,9,37.754139,-81.2123209
5320,GREENSBORO (SE) NC,Supercenter,121 W ELMSLEY ST,GREENSBORO,NC,27406,Y,,,,1,,9,36.003613391659,-79.796234335999
5326,OCALA (SW) FL,Supercenter,9570 SW HIGHWAY 200,OCALA,FL,34481,Y,,,,1,,9,29.080344816415,-82.255803915368
5330,"PHOENIX, AZ",Supercenter,6145 N 35TH AVE,PHOENIX,AZ,85017,Y,,,,1,,9,33.526891645275,-112.134191734335
5331,PHOENIX TOLLESON AZ,Supercenter,7575 W LOWER BUCKEYE RD,PHOENIX,AZ,85043,,,,,0,Y,9,33.4491,-112.1972
5334,AURORA (DIA) CO,Supercenter,3301 TOWER RD,AURORA,CO,80011,Y,,,,1,,9,39.761636858569,-104.772385473877
5336,JENKS ELM OK,Neighborhood Market,11020 ELM ST,JENKS,OK,74037,,,,,0,Y,9,36.0148,-95.9797
5340,CHERRY HILL NJ,Wal-Mart,500 ROUTE 38,CHERRY HILL,NJ,08002,Y,,,,1,,9,39.9348351,-75.0307264
5345,DUNKIRK MD,Wal-Mart,10600 TOWNE CENTER BLVD,DUNKIRK,MD,20754,Y,,,,1,,9,38.719547731745,-76.6576593067
5348,"MONTGOMERY (C), AL",Supercenter,851 ANN ST,MONTGOMERY,AL,36107,Y,,,,1,,9,32.3804,-86.2799
5349,"MESA, AZ",Neighborhood Market,8335 E GUADALUPE RD,MESA,AZ,85212,Y,,,,1,,9,33.364724285639,-111.654552471341
5355,KENTON OH,Supercenter,1241 E COLUMBUS ST,KENTON,OH,43326,Y,,Y,,2,,9,40.652597179551,-83.589706377934
5356,BLAIRSVILLE PA,Supercenter,300 RESORT PLAZA DR,BLAIRSVILLE,PA,15717,,Y,,,1,,9,40.443400088121,-79.226880662357
5358,SHIPPENSBURG PA,Supercenter,100 S CONESTOGA DR,SHIPPENSBURG,PA,17257,Y,,,,1,,9,40.0514,-77.5195
5360,"TITUSVILLE, PA",Supercenter,11415 HYDETOWN RD,TITUSVILLE,PA,16354,,Y,,Y,2,,9,41.634263463246,-79.697458535768
5363,"HAMPTON, GA",Supercenter,11465 TARA BLVD,HAMPTON,GA,30228,Y,,,Y,2,,9,33.441046183486,-84.321811194942
5374,EATON OH,Supercenter,100A E WASHINGTON JACKSON RD,EATON,OH,45320,Y,,,,1,,9,39.766522665296,-84.63636178631
5376,"TAWAS CITY, MI",Supercenter,621 E LAKE ST,TAWAS CITY,MI,48763,Y,,,,1,,9,44.27541928131,-83.50494825648
5379,"CONNELLSVILLE, PA",Supercenter,1450 MORRELL AVE,CONNELLSVILLE,PA,15425,Y,,,,1,,9,40.004084919286,-79.602915449692
5384,"BRIDGETON, NJ",Wal-Mart,1130 HIGHWAY 77,BRIDGETON,NJ,08302,,,,,0,Y,9,39.3762,-75.1617
5385,"DEFIANCE, OH",Supercenter,1804 N CLINTON ST,DEFIANCE,OH,43512,Y,,,,1,,9,41.305621369703,-84.360937051028
5389,WACO (WOODWAY) TX,Supercenter,600 HEWITT DR,WACO,TX,76712,Y,,,,1,,9,31.5491899,-97.1474628
5390,"MARIETTA (TRADE CTR), GA",Supercenter,210 COBB PKWY S,MARIETTA,GA,30060,,,,,0,Y,9,33.9382,-84.5403
5393,GREENSBORO ALAMANCE CHURC,Neighborhood Market,1050 ALAMANCE CHURCH RD,GREENSBORO,NC,27406,Y,,,,1,,9,36.04132565567,-79.770608133936
5394,DINUBA CA,Supercenter,770 W EL MONTE WAY,DINUBA,CA,93618,Y,Y,Y,,3,,9,36.54599298898,-119.403761520996
5397,"WINONA, MN",Supercenter,955 FRONTENAC DR,WINONA,MN,55987,Y,,,,1,,9,44.035169800882,-91.618350587382
5402,CHICAGO (W) IL,Supercenter,4650 W NORTH AVE,CHICAGO,IL,60639,Y,,,,1,,9,41.909719270814,-87.742741213442
5409,ENGLEWOOD OH,Supercenter,7725 HOKE RD,ENGLEWOOD,OH,45315,Y,,,Y,2,,9,39.858379315611,-84.330647390284
5410,"CANTON (C), OH",Supercenter,4004 TUSCARAWAS ST W,CANTON,OH,44708,Y,,Y,Y,3,,9,40.796934433395,-81.420847585987
5422,"BAINBRIDGE, GA",Supercenter,500 E ALICE ST,BAINBRIDGE,GA,39819,,,,,0,Y,9,30.9039,-84.569
5423,"LAS VEGAS (HOLLYWOOD),NV",Neighborhood Market,6570 E LAKE MEAD BLVD,LAS VEGAS,NV,89156,,,,,0,Y,9,36.2034,-115.0364
5424,"EAGLE POINT, OR",Supercenter,11500 HANNON RD,EAGLE POINT,OR,97524,,,,,0,Y,9,42.4935,-122.8088
5425,"SAN JACINTO, CA",Supercenter,1861 S SAN JACINTO AVE,SAN JACINTO,CA,92583,Y,,,,1,,9,33.767628081651,-116.958697569398
5430,"ALBUQUERQUE, NM",Supercenter,3500 COORS BLVD SW,ALBUQUERQUE,NM,87121,Y,,,,1,,9,35.025313957726,-106.714173952894
5436,"NEW CASTLE, DE EF",Wal-Mart,1251 CENTERVILLE RD,WILMINGTON,DE,19808,,,,,0,Y,9,39.7359,-75.6647
5439,"NEW HAVEN, CT",Supercenter,315 FOXON BLVD,NEW HAVEN,CT,06513,,,,,0,Y,9,41.3072,-72.8654
5444,IRONWOOD MI,Supercenter,10305 COUNTRY CLUB ROAD,IRONWOOD,MI,49938,Y,,,,1,,9,46.4555673,-90.1684371
5449,"MISSOURI CITY (SIEN), TX",Supercenter,9929 HWY 6,MISSOURI CITY,TX,77459,,Y,,,1,,9,29.6185669,-95.5377215
5452,"EVANSVILLE, IN",Neighborhood Market,2500 N 1ST AVE,EVANSVILLE,IN,47710,Y,,,,1,,9,38.000995182936,-87.574522909016
5458,DELTA CO,Supercenter,37 STAFFORD LN,DELTA,CO,81416,Y,,,Y,2,,9,38.748645889487,-108.050705484879
5460,PORTLAND TX,Supercenter,2000 US HIGHWAY 181,PORTLAND,TX,78374,Y,,,,1,,9,27.8818828,-97.3188666
5467,MORRISTOWN BUFFALO TRAIL,Neighborhood Market,1997 BUFFALO TRL,MORRISTOWN,TN,37814,,,,,0,Y,9,36.2248,-83.3119
5472,SALINE MI,Supercenter,7000 E MICHIGAN AVE,SALINE,MI,48176,Y,,,,1,,9,42.1667072,-83.7816075
5481,"CHARLOTTE, NC",Supercenter,9820 CALLABRIDGE CT,CHARLOTTE,NC,28216,Y,,,,1,,9,35.327695071029,-80.945426094759
5482,"EATONTON, GA",Supercenter,201 WALMART DR,EATONTON,GA,31024,Y,,,,1,,9,33.3267128,-83.388485
5486,"COUNTRY CLUB HILLS, IL",Supercenter,4005 167TH ST,COUNTRY CLUB HILLS,IL,60478,,Y,,,1,,9,41.586135905598,-87.714416180537
5487,"TRAVELERS REST, SC",Supercenter,9 BENTON RD,TRAVELERS REST,SC,29690,Y,,,,1,,9,34.962118333472,-82.431894204136
5488,"NORFOLK (N), VA",Supercenter,7530 TIDEWATER DR,NORFOLK,VA,23505,Y,,,Y,2,,9,36.912585798823,-76.255102059284
5489,"PEMBROKE, NC",Supercenter,930 HIGHWAY 711 EAST,PEMBROKE,NC,28372,Y,,,,1,,9,34.6800748,-79.1933485
5490,SAN ANTONIO SHAENFIELD TX,Neighborhood Market,9005 FM 1560 N,SAN ANTONIO,TX,78254,Y,,,,1,,9,29.524246503669,-98.718122027399
5492,"SOCORRO, NM",Supercenter,700 6TH ST N,SOCORRO,NM,87801,Y,,,,1,,9,34.0631049196,-106.891111694597
5495,"GLENOLDEN, PA",Wal-Mart,50 N MACDADE BLVD,GLENOLDEN,PA,19036,,,,,0,Y,9,39.9048,-75.2946
5601,HUNTINGTON BEACH CA,Neighborhood Market,21132 BEACH BLVD,HUNTINGTON BEACH,CA,92648,,,,,0,Y,9,33.6773,-118.0051
5603,DOWNEY CA,Neighborhood Market,12270 PARAMOUNT BLVD,DOWNEY,CA,90242,,,,,0,Y,9,33.9218,-118.1395
5604,HAWTHORNE CA,Neighborhood Market,14441 INGLEWOOD AVE,HAWTHORNE,CA,90250,Y,,,,1,,9,33.9143,-118.3493
5606,WOODLAND E CA,Neighborhood Market,1250 E GIBSON RD,WOODLAND,CA,95776,Y,,,Y,2,,9,38.662791920277,-121.763284748792
5612,HOUSTON I-45 AND WAYSIDE,Supercenter,2391 S WAYSIDE DR,HOUSTON,TX,77023,Y,,,,1,,9,29.716392077052,-95.314708747674
5613,ARLINGTON N TX,Neighborhood Market,2121 N COLLINS ST,ARLINGTON,TX,76011,,,,,0,Y,9,32.7582,-97.1003
5624,FARMERS BRANCH TX,Neighborhood Market,13100 JOSEY LN,FARMERS BRANCH,TX,75234,,,,,0,Y,9,32.9245,-96.8938
5626,TUCSON BRIDGES AZ,Supercenter,1260 E TUCSON MARKETPLACE BLVD,TUCSON,AZ,85713,,,,,0,Y,9,32.1941,-110.9739
5627,GRESHAM 181ST OR,Neighborhood Market,3900 W POWELL BLVD,GRESHAM,OR,97030,Y,,,,1,,9,45.489552799205,-122.470961180378
5629,EUREKA CA,Wal-Mart,3300 BROADWAY BAYSHORE MALL,EUREKA,CA,95501,,,,,0,Y,9,40.7938,-124.1573
5632,FRESNO BLACKSTONE CA,Supercenter,1804 E ASHLAN AVE,FRESNO,CA,93726,Y,,,,1,,9,36.794034661895,-119.78932141619
5635,VISALIA NW CA,Neighborhood Market,1320 N DEMAREE ST,VISALIA,CA,93291,,,,,0,Y,9,36.3551,-119.301
5654,TAMPA HIMES FL,Neighborhood Market,3671 W HILLSBOROUGH AVE,TAMPA,FL,33614,Y,,,,1,,9,27.99597641605,-82.50307479053
5661,LA MIRADA CA,Neighborhood Market,14865 TELEGRAPH ROAD,LA MIRADA,CA,90638,,,,,0,Y,9,33.9067,-118.0101
5669,WEST MILWAUKEE WI,Supercenter,4140 W GREENFIELD AVE,WEST MILWAUKEE,WI,53215,Y,,,,1,,9,43.016917269354,-87.965354456781
5675,ALBUQUERQUE MENAUL NM,Neighborhood Market,11001 MENAUL BLVD NE,ALBUQUERQUE,NM,87112,,,,,0,Y,9,35.101,-106.5183
5683,ELK GROVE EG BLVD CA,Neighborhood Market,8455 ELK GROVE BLVD,ELK GROVE,CA,95758,,,,,0,Y,9,38.4243,-121.437
5691,UPLAND CA,Neighborhood Market,1445 E FOOTHILL BLVD,UPLAND,CA,91786,,Y,,,1,,9,34.106859365637,-117.629755424206
5692,SPRINGFIELD MO,Neighborhood Market,3150 W REPUBLIC RD,SPRINGFIELD,MO,65810,Y,,,,1,,9,37.13839999585,-93.342435570079
5693,SPRINGFIELD MO,Neighborhood Market,1320 S GLENSTONE AVE,SPRINGFIELD,MO,65804,Y,,,,1,,9,37.190633249136,-93.262116042465
5701,"KERMAN, CA",Supercenter,14061 W. WHITESBRIDGE AVENUE,KERMAN,CA,93630,Y,,,,1,,9,36.734892520694,-120.043663340957
5702,"LUBBOCK, TX",Neighborhood Market,9809 UNIVERSITY AVE,LUBBOCK,TX,79423,,,,,0,Y,9,33.5146,-101.8795
5703,"HUNTSVILLE (NW), AL",Supercenter,8580 HWY 72 W,MADISON,AL,35758,Y,,,,1,,9,34.748046325732,-86.772390734272
5709,"LOCUST GROVE, GA",Supercenter,4949 BILL GARDNER PKWY,LOCUST GROVE,GA,30248,Y,,,,1,,9,33.353779498371,-84.122018838495
5713,"LAREDO (NE), TX",Supercenter,2615 NE BOB BULLOCK LOOP,LAREDO,TX,78045,Y,,,,1,,9,27.61250253226,-99.465464488504
5715,ABILENE TX,Neighborhood Market,1619 AMBLER AVE,ABILENE,TX,79601,Y,,,,1,,9,32.474511591282,-99.738221278704
5717,EL PASO PASEO DEL NORTE T,Supercenter,7831 PASEO DEL NORTE BLVD,EL PASO,TX,79912,Y,,,,1,,9,31.884114803472,-106.576653555883
5719,MIAMI CORAL WAY FL,Neighborhood Market,14720 SW 26TH ST,MIAMI,FL,33185,,,,,0,Y,9,25.7274,-80.4497
5722,"NEW ORLEANS (MANHTTN), LA",Neighborhood Market,3265 MANHATTAN BLVD,HARVEY,LA,70058,,,,,0,Y,9,29.8725,-90.0673
5727,"SARASOTA (NE), FL",Supercenter,5810 RANCH LAKE BLVD,BRADENTON,FL,34202,Y,,,,1,,9,27.43565333781,-82.458683434653
5734,KINGSPORT TN,Neighborhood Market,750 LYNN GARDEN DR,KINGSPORT,TN,37660,Y,,,,1,,9,36.562198671749,-82.56700634245
5740,MOBILE GOVERNMENT AL,Neighborhood Market,2570 GOVERNMENT BLVD,MOBILE,AL,36606,Y,,,,1,,9,30.666644429591,-88.105630679777
5741,"ORLANDO(CURRY/ECON), FL",Neighborhood Market,9047 CURRY FORD RD,ORLANDO,FL,32825,Y,,,,1,,9,28.510107956924,-81.258011672722
5747,"LOCUST, NC",Supercenter,1876 MAIN ST W,LOCUST,NC,28097,Y,,,,1,,9,35.254633933883,-80.450783187314
5751,"SALINAS, CA",Supercenter,1375 N DAVIS RD.,SALINAS,CA,93907,Y,,,,1,,9,36.705244355034,-121.666631743085
5752,"GARFIELD, NJ",Supercenter,174 PASSAIC ST,GARFIELD,NJ,07026,Y,Y,,,2,,9,40.86838190097,-74.10033538331
5753,"ALEXANDRIA, VA",Supercenter,6303 RICHMOND HWY,ALEXANDRIA,VA,22306,,,,,0,Y,9,38.7589,-77.0873
5769,DOTHAN W AL,Neighborhood Market,3871 W MAIN ST,DOTHAN,AL,36305,Y,,,,1,,9,31.23356746864,-85.451244044013
5772,"BEVERLY HILLS, FL",Supercenter,1936 N LECANTO HWY,LECANTO,FL,34461,,,,,0,Y,9,28.8516,-82.4876
5773,NEW IBERIA C LA,Neighborhood Market,1201 PARKVIEW DR,NEW IBERIA,LA,70563,Y,,,,1,,9,30.00237592041,-91.801752008193
5777,"BROOKLYN, CT",Supercenter,450 PROVIDENCE ROAD,BROOKLYN,CT,06234,Y,,,Y,2,,9,41.79724689975,-71.911375687261
5780,PARAGOULD AR,Neighborhood Market,2600 LINWOOD DR,PARAGOULD,AR,72450,Y,,,,1,,9,36.029780867123,-90.521880245153
5782,LAS CRUCES SONOMA RANCH N,Neighborhood Market,150 N SONOMA RANCH BLVD,LAS CRUCES,NM,88011,Y,,,,1,,9,32.3140354,-106.779807
5797,"ALBANY (E), GA",Supercenter,262 CORDELE RD,ALBANY,GA,31705,,Y,,,1,,9,31.57878519822,-84.088901539062
5806,GRAND FORKS NW ND,Supercenter,5755 GATEWAY DR,GRAND FORKS,ND,58203,Y,,,,1,,9,47.9252104,-97.0306325
5808,ELSA TX,Supercenter,411 SOUTH BROADWAY STREET,ELSA,TX,78543,Y,,,,1,,9,26.2966228,-97.9931057
5809,EDINBURG TX,Supercenter,2812 S EXPRESSWAY 281,EDINBURG,TX,78542,Y,,,,1,,9,26.3013982,-98.1624501
5812,BLUE RIDGE GA,Supercenter,97 COMMERCE DRIVE,BLUE RIDGE,GA,30513,Y,,,,1,,9,34.863972,-84.324087
5813,AUGUSTA EVANS GA,Neighborhood Market,3851 EVANS TO LOCKS ROAD,MARTINEZ,GA,30907,Y,,,,1,,9,33.550045297502,-82.086661161091
5828,PUEBLO CO,Neighborhood Market,2730 S PRAIRIE AVE,PUEBLO,CO,81005,Y,,,,1,,9,38.221024654641,-104.643649563958
5829,DANVILLE VA,Neighborhood Market,211 NOR DAN DR UNIT 1010,DANVILLE,VA,24540,,,,,0,Y,9,36.6218,-79.4124
5832,"MANDEVILLE, LA",Neighborhood Market,3009 E CAUSEWAY APPROACH,MANDEVILLE,LA,70448,Y,,,,1,,9,30.3582305,-90.0657477
5835,"CAVE CREEK, AZ",Supercenter,34399 N CAVE CREEK RD,CAVE CREEK,AZ,85331,Y,Y,,,2,,9,33.795538574152,-111.96582757133
5844,"LIVONIA, MI",Supercenter,29574 7 MILE RD,LIVONIA,MI,48152,Y,,,,1,,9,42.426962696008,-83.342980629917
5851,"GREENVILLE, NC",Supercenter,4600 E. 10TH ST,GREENVILLE,NC,27858,Y,,,,1,,9,35.581067173726,-77.304338837879
5853,LONGVIEW WA,Supercenter,3715 OCEAN BEACH HWY,LONGVIEW,WA,98632,Y,,,,1,,9,46.154569919369,-122.981526385204
5859,"WASCO, CA",Supercenter,401 N CENTRAL AVE,WASCO,CA,93280,Y,,,,1,,9,35.601595749645,-119.358160954527
5863,"MIDWEST CITY, OK",Neighborhood Market,7520 E RENO AVE,MIDWEST CITY,OK,73110,,,,,0,Y,9,35.4605,-97.3974
5890,"ATWATER, CA",Supercenter,800 COMMERCE AVE,ATWATER,CA,95301,,,,,0,Y,9,37.3489,-120.6028
5898,"CORPUS CHRISTI, TX",Supercenter,6101 SARATOGA RD,CORPUS CHRISTI,TX,78414,,Y,,,1,,9,27.680776231142,-97.374446544553
5903,PHENIX CITY AL,Neighborhood Market,3864 US HIGHWAY 80 W,PHENIX CITY,AL,36870,Y,,,,1,,9,32.468428255405,-85.078680963851
5907,COLUMBUS BUENA VISTA GA,Neighborhood Market,4909 BUENA VISTA RD,COLUMBUS,GA,31907,Y,,,,1,,9,32.467672007083,-84.910999210765
5908,SEVIERVILLE DOLLY PARTON,Neighborhood Market,1185 DOLLY PARTON PKWY,SEVIERVILLE,TN,37862,Y,,,,1,,9,35.863648800921,-83.530254695494
5912,GOULDS FL,Supercenter,21151 S DIXIE HWY,MIAMI,FL,33189,Y,,,,1,,9,25.570778522576,-80.377158905399
5918,,,,,,,,,,,0,Y,9,,
5923,MYRTLE BEACH FARROW PKWY,Neighborhood Market,3650 WALTON DR,MYRTLE BEACH,SC,29577,,,,,0,Y,9,33.6994,-78.9137
5927,"FLORISSANT, MO",Supercenter,3390 N HIGHWAY 67,FLORISSANT,MO,63033,Y,,,,1,,9,38.812429717221,-90.292563033497
5930,"ANAHEIM, CA",Supercenter,88 E ORANGETHORPE AVE,ANAHEIM,CA,92801,Y,,Y,,2,,9,33.859440851503,-117.918117511067
5932,"PEMBROKE PINES, FL",Supercenter,12800 PINES BLVD,PEMBROKE PINES,FL,33027,Y,,,,1,,9,26.007552961421,-80.3175775284
5935,"TIGARD, OR",Supercenter,7600 SW DARTMOUTH ST,TIGARD,OR,97223,Y,,,,1,,9,45.43354102178,-122.754416130552
5936,TYSONS CORNER VA,Supercenter,1500 B CORNERSIDE BLVD,VIENNA,VA,22182,Y,,,,1,,9,38.930381820887,-77.24497177343
5959,HOUSTON TX,Supercenter,111 YALE ST,HOUSTON,TX,77007,Y,,,,1,,9,29.771951681049,-95.398694381935
5962,EL PASO HONDO TX,Neighborhood Market,4716 HONDO PASS DR,EL PASO,TX,79904,Y,,,,1,,9,31.869723884581,-106.433142287996
5964,TAMPA 22ND AND HILL FL,Supercenter,1720 E HILLSBOROUGH AVE,TAMPA,FL,33610,Y,,,,1,,9,27.996118111556,-82.440809212731
5965,CHICAGO PULLMAN IL,Supercenter,10900 S DOTY AVE,CHICAGO,IL,60628,,,,,0,Y,9,41.6934,-87.6243
5977,BURNSVILLE MN,Supercenter,12200 RIVER RIDGE BLVD,BURNSVILLE,MN,55337,Y,,,,1,,9,44.781570996871,-93.282449492485
5996,ESCONDIDO CA,Wal-Mart,1330 E GRAND AVE,ESCONDIDO,CA,92027,Y,Y,,,2,,9,33.128417991541,-117.062658935076
6098,MCALLEN E TX,Neighborhood Market,800 EAST NOLANA AVE,MCALLEN,TX,78501,Y,,,,1,,9,26.204114,-98.2300605
6159,WESLACO TX,Neighborhood Market,1600 S TEXAS BLVD,WESLACO,TX,78596,Y,,,,1,,9,26.142581509866,-97.990415415052
6172,KANSAS CITY ARGENTINE KS,Neighborhood Market,2300 METROPOLITAN AVENUE,KANSAS CITY,KS,66106,Y,,,,1,,9,39.07294732101,-94.651140096593
6173,ROBERTSDALE AL,Supercenter,21141 STATE HIGHWAY 59,ROBERTSDALE,AL,36567,Y,,,,1,,9,30.5616,-87.6373
6190,LABELLE FL,Supercenter,1951 W HICKPOCHEE AVE,LABELLE,FL,33935,Y,,,,1,,9,26.7615384,-81.4385828
6263,WINSTON SALEM UNIVERSITY,Neighborhood Market,5039 UNIVERSITY PKWY,WINSTON SALEM,NC,27106,Y,,,,1,,9,36.0998131,-80.2440518
6264,WINSTON SALEM NC,Neighborhood Market,180 HARVEY ST,WINSTON SALEM,NC,27103,Y,,,,1,,9,36.0998131,-80.2440518
6323,GULFPORT ORANGE GROVE MS,Neighborhood Market,11333 HIGHWAY 49,GULFPORT,MS,39503,Y,,,,1,,9,30.451418776327,-89.099864635633
6370,MORRISTOWN WEST TN,Supercenter,4331 W. ANDREW JOHNSON HIGHWAY,MORRISTOWN,TN,37814,Y,,,Y,2,,9,36.193172382876,-83.358123657915
6394,NORTH SHORE WI,Supercenter,6300 W BROWN DEER RD,BROWN DEER,WI,53223,Y,,,,1,,9,43.177847107893,-87.986654376044
6397,MIAMI (CORAL REEF) FL,Supercenter,15601 SW 127TH AVE,MIAMI,FL,33177,Y,,,,1,,9,25.623093335418,-80.397836799119
6469,BYRAM MS,Supercenter,131 HANDLEY BLVD,BYRAM,MS,39272,,,,,0,Y,9,32.1888,-90.2595
6477,PHOENIX (METROCENTER) AZ,Supercenter,9600 N METRO PKWY W,PHOENIX,AZ,85051,Y,,,,1,,9,33.580192076512,-112.121776725208
6548,TAMPA FL,Neighborhood Market,4525 GUNN HWY,TAMPA,FL,33624,,,,,0,Y,9,28.079,-82.5268
6583,LAKE CHARLES RYAN LA,Neighborhood Market,2011 RYAN ST,LAKE CHARLES,LA,70601,Y,,,,1,,9,30.212579189021,-93.218582905093
6587,EL PASO HWY 54 & MLK TX,Neighborhood Market,10840 MARTIN LUTHER KING JR BL,EL PASO,TX,79934,,Y,,,1,,9,31.924671062955,-106.441244940461
6590,LAKE CHARLES LA,Neighborhood Market,260 SAM HOUSTON JONES PKWY,LAKE CHARLES,LA,70611,Y,,,,1,,9,30.300666912519,-93.198961397138
6732,VALDOSTA GA,Neighborhood Market,4196 BEMISS RD,VALDOSTA,GA,31605,Y,,,,1,,9,30.916946900619,-83.256760421582
6786,MCALLEN N TX,Neighborhood Market,5700 N 23RD STREET,MCALLEN,TX,78504,Y,,,,1,,9,26.25556923867,-98.236779671573
6789,KING NC,Supercenter,204 INGRAM DR,KING,NC,27021,Y,,Y,,2,,9,36.263837844678,-80.364634151358
6798,NORFOLK VA,Neighborhood Market,3350 E PRINCESS ANNE ROAD,NORFOLK,VA,23502,Y,,,,1,,9,36.861778406846,-76.247147848985
6807,MEMPHIS WHITTEN TN,Supercenter,6727 RALEIGH LAGRANGE RD,MEMPHIS,TN,38134,Y,,,,1,,9,35.177707750552,-89.839799835273
6813,EL PASO ZARAGOZA TX,Neighborhood Market,3590 N. ZARAGOZA ROAD,EL PASO,TX,79938,Y,,,,1,,9,31.79683727754,-106.230216618585
6850,MISSION BRYAN TX,Neighborhood Market,1006 N BRYAN ROAD,MISSION,TX,78572,Y,,,,1,,9,26.214324022466,-98.309640927681
6851,SACHSE MURPHY TX,Neighborhood Market,6750 MURPHY ROAD,SACHSE,TX,75048,Y,,,,1,,9,32.9643,-96.6012
6878,HAZEL GREEN AL,Supercenter,14595 HIGHWAY 231 431 N,HAZEL GREEN,AL,35750,Y,,,,1,,9,34.944612803413,-86.571887123139
6879,FAYETTEVILLE AIRPORT NC,Supercenter,2820 GILLESPIE ST.,FAYETTEVILLE,NC,28306,Y,,,,1,,9,35.003338062614,-78.899623834323
6887,GREENWOOD SC,Supercenter,300 BYPASS 25 NE,GREENWOOD,SC,29646,,Y,,,1,,9,34.1489805,-82.112882
6930,,,,,,,Y,,,,1,,9,29.9691116,-95.6971686
6932,BLANCHARD LA,Supercenter,4701 NORTHPORT BLVD,SHREVEPORT,LA,71107,Y,,,,1,,9,32.599106878332,-93.845602737872
6951,FLATWOODS WV,Supercenter,369 SCOTT FRK,SUTTON,WV,26601,,,,,0,Y,9,38.6541,-80.676
6962,ROCK HILL CHERRY RD SC,Neighborhood Market,1225 CHERRY RD,ROCK HILL,SC,29730,Y,,,,1,,9,34.952415581049,-81.016695934949
6964,HORN LAKE MS,Supercenter,4150 GOODMAN ROAD WEST,HORN LAKE,MS,38637,Y,,,,1,,9,34.962684640085,-90.063741481583
7009,RICHLANDS NC,Supercenter,349 KINSTON HWY,RICHLANDS,NC,28574,,,,,0,Y,9,34.8624,-77.5863
7032,RICHMOND LABURNUM VA,Supercenter,5001 NINE MILE RD,HENRICO,VA,23223,Y,,,,1,,9,37.444982207242,-77.362130621657
7087,SALEM IN,Supercenter,1309 E HACKBERRY STREET,SALEM,IN,47167,Y,,,,1,,9,38.6056131,-86.101089
7099,MORGAN CITY LA,Neighborhood Market,1002 LA HWY 70,MORGAN CITY,LA,70380,Y,,,,1,,9,29.703663045506,-91.200490390415
7129,OGALLALA NE,Supercenter,201 PONY EXPRESS LN,OGALLALA,NE,69153,,,,,0,Y,9,41.1275,-101.7107
7174,RICHMOND HOPKINS VA,Neighborhood Market,5700 HOPKINS RD,NORTH CHESTERFIELD,VA,23234,,,,,0,Y,9,37.4373,-77.4788
7188,DARLINGTON SC,Supercenter,251 ANDOVER PL,DARLINGTON,SC,29532,Y,,,,1,,9,34.3609331,-79.9438572
7194,ADEL GA,Supercenter,351 ALABAMA RD,ADEL,GA,31620,Y,,,,1,,9,31.13360100533,-83.440740904579
7199,GREAT FALLS S MT,Supercenter,5320 10TH AVE S,GREAT FALLS,MT,59405,Y,,,,1,,9,47.516447437077,-111.218680528692
7209,LUMBERTON E NC,Neighborhood Market,2985 E ELIZABETHTOWN RD,LUMBERTON,NC,28358,Y,,,,1,,9,34.635395104159,-78.982407436397
7218,NEW BERN N NC,Neighborhood Market,2915 NEUSE BLVD,NEW BERN,NC,28560,Y,,,,1,,9,35.098791729492,-76.888525499455
7220,SAN ANGELO TX,Neighborhood Market,1852 SHERWOOD WAY,SAN ANGELO,TX,76901,Y,,,,1,,9,31.453227683914,-100.461150335871
7222,GREENVILLE W NC,Neighborhood Market,2830 GATEWAY DRIVE,GREENVILLE,NC,27834,Y,,,,1,,9,35.613224,-77.3724593
7229,EL PASO SUNLAND PARK TX,Neighborhood Market,1110 SUNLAND PARK DR,EL PASO,TX,79922,,,,,0,Y,9,31.8218,-106.5732
7232,DESOTO TX,Neighborhood Market,108 W PARKERVILLE RD,DESOTO,TX,75115,Y,,,,1,,9,32.575221008814,-96.865687922511
7233,BATON ROUGE CENTRAL CITY,Neighborhood Market,11825 HOOPER RD,BATON ROUGE,LA,70818,Y,,,,1,,9,30.54657654262,-91.055316382128
7235,WINTERVILLE NC,Neighborhood Market,3801 S MEMORIAL DR,WINTERVILLE,NC,28590,Y,,,,1,,9,35.560644125984,-77.405239734776
7238,GRANTSBORO NC,Supercenter,11233 B NC 55 HWY,GRANTSBORO,NC,28529,Y,,,,1,,9,35.1406429,-76.84246
7242,FARMINGTON AR,Neighborhood Market,367 W MAIN ST,FARMINGTON,AR,72730,,,,,0,Y,9,36.0436,-94.2539
7245,SYLVESTER GA,Supercenter,1102 E FRANKLIN ST,SYLVESTER,GA,31791,,Y,,,1,,9,31.527309671522,-83.811532551044
7246,COCHRAN GA,Supercenter,366 HWY 26 EAST,COCHRAN,GA,31014,,,,,0,Y,9,32.3981,-83.3229
7247,ATMORE AL,Supercenter,911 N MAIN ST,ATMORE,AL,36502,Y,,,,1,,9,31.038036827429,-87.49359804182
7249,MT. VERNON MO,Supercenter,500 W MOUNT VERNON BLVD,MOUNT VERNON,MO,65712,,,,,0,Y,9,37.1045,-93.7976
7280,CULLMAN N AL,Supercenter,5601 AL HIGHWAY 157,CULLMAN,AL,35058,Y,Y,,Y,3,,9,34.206500356023,-86.868301883691
7294,NORMAN CEDAR LANE OK,Supercenter,3651 CLASSEN BLVD,NORMAN,OK,73071,Y,Y,,,2,,9,35.173324880123,-97.411566702991
7296,HUDSON NC,Neighborhood Market,2794 HICKORY BLVD,HUDSON,NC,28638,Y,,,Y,2,,9,35.857463684106,-81.485131746738
7301,CARENCRO LA,Supercenter,3810 NE EVANGELINE TRWY,CARENCRO,LA,70520,Y,,,Y,2,,9,30.31819901927,-92.03227658128
7311,SAN ANGELO TX,Neighborhood Market,5154 KNICKERBOCKER RD,SAN ANGELO,TX,76904,,,,,0,Y,9,31.4194,-100.48
7315,HICKORY W NC,Neighborhood Market,483 US HWY 70 SW,HICKORY,NC,28602,Y,,,,1,,9,35.720112928863,-81.347070283554
7320,YUMA 8TH ST AZ,Neighborhood Market,2675 W 8TH ST,YUMA,AZ,85364,,,,,0,Y,9,32.7015,-114.6424
7326,OKLAHOMA CITY SW OK,Supercenter,3301 SW 104TH ST,OKLAHOMA CITY,OK,73159,Y,Y,,Y,3,,9,35.363138723831,-97.575929846736
7334,GOLDSBORO SE NC,Neighborhood Market,4350 US 70 HWY EAST,GOLDSBORO,NC,27534,Y,,,,1,,9,35.345769915866,-77.91643139208
7337,GREENVILLE CENTRAL NC,Neighborhood Market,1826 E ARLINGTON BLVD,GREENVILLE,NC,27858,Y,,,,1,,9,35.59560922048,-77.403306285638
7340,GOLDSBORO N NC,Neighborhood Market,1144 TOMMYS RD,GOLDSBORO,NC,27534,Y,,,,1,,9,35.415016459158,-77.93783685381
7362,AMARILLO OSAGE TX,Neighborhood Market,2035 SE 34TH AVE,AMARILLO,TX,79118,Y,,,,1,,9,35.178481709065,-101.815043658912
